segment_id,evaluation_type,date,model_value,prior_prob_low_state,prior_prob_high_state,prob_low_state,prob_high_state,state,regime_label
segment_01,current_segment_refit,2005-12-31,4.621020394886729,1.1789523915658744e-27,1.0,8.863499830303067e-29,1.0,高均值状态,工业增加值高位区制
segment_01,current_segment_refit,2006-01-31,1.2642777881352192,0.07999999999999996,0.92,0.07921273696889061,0.9207872630311095,高均值状态,工业增加值高位区制
segment_01,current_segment_refit,2006-02-28,7.855486874092447,0.14639428760024156,0.8536057123997586,0.0010751128580164492,0.9989248871419836,高均值状态,工业增加值高位区制
segment_01,current_segment_refit,2006-03-31,5.508140052466471,0.08090113477995203,0.919098865220048,0.003337803472310913,0.9966621965276892,高均值状态,工业增加值高位区制
segment_01,current_segment_refit,2006-04-30,4.351127949429001,0.0827976698214673,0.9172023301785328,0.008280184864490198,0.9917198151355098,高均值状态,工业增加值高位区制
segment_01,current_segment_refit,2006-05-31,5.616003983460436,0.08694025981569142,0.9130597401843085,0.003323774978862102,0.996676225021138,高均值状态,工业增加值高位区制
segment_01,current_segment_refit,2006-06-30,7.283172999258483,0.08278591146208876,0.9172140885379113,0.0008781784540946911,0.9991218215459052,高均值状态,工业增加值高位区制
segment_01,current_segment_refit,2006-07-31,4.435647428772111,0.0807360689085695,0.9192639310914303,0.007555284196469102,0.9924447158035309,高均值状态,工业增加值高位区制
segment_01,current_segment_refit,2006-08-31,3.359854711969872,0.08633266480918254,0.9136673351908174,0.018363352003789527,0.9816366479962104,高均值状态,工业增加值高位区制
segment_01,current_segment_refit,2006-09-30,4.394243041349721,0.09539173775453433,0.9046082622454655,0.009347467366034827,0.9906525326339651,高均值状态,工业增加值高位区制
segment_01,current_segment_refit,2006-10-31,2.321753689383245,0.0878348313716028,0.9121651686283971,0.04058303215565332,0.9594169678443467,高均值状态,工业增加值高位区制
segment_01,current_segment_refit,2006-11-30,2.1024004074738993,0.11401576074426649,0.8859842392557336,0.06270430632224996,0.93729569367775,高均值状态,工业增加值高位区制
segment_01,current_segment_refit,2006-12-31,2.2717263021470533,0.13255730210872696,0.867442697891273,0.06520816832429883,0.9347918316757012,高均值状态,工业增加值高位区制
segment_01,current_segment_refit,2007-01-31,11.679511466033619,0.13465598144031776,0.8653440185596823,5.1837051722583084e-05,0.9999481629482774,高均值状态,工业增加值高位区制
segment_01,current_segment_refit,2007-02-28,-0.5605017310731473,0.08004344862016025,0.9199565513798398,0.2589288781184117,0.7410711218815882,高均值状态,工业增加值高位区制
segment_01,current_segment_refit,2007-03-31,4.679951848359124,0.2970282085891482,0.7029717914108516,0.029466597491909174,0.9705334025080908,高均值状态,工业增加值高位区制
segment_01,current_segment_refit,2007-04-30,4.797479906790038,0.10469822181812401,0.895301778181876,0.007619402961405598,0.9923805970385945,高均值状态,工业增加值高位区制
segment_01,current_segment_refit,2007-05-31,5.617428925841059,0.08638640767785073,0.9136135923221493,0.0032970782672849678,0.996702921732715,高均值状态,工业增加值高位区制
segment_01,current_segment_refit,2007-06-30,7.424058216580109,0.08276353489470503,0.917236465105295,0.0007879872953491425,0.9992120127046509,高均值状态,工业增加值高位区制
segment_01,current_segment_refit,2007-07-31,6.260576093642898,0.08066047276125923,0.9193395272387408,0.0018698673649439257,0.9981301326350561,高均值状态,工业增加值高位区制
segment_01,current_segment_refit,2007-08-31,5.823120780476547,0.08156727966174362,0.9184327203382564,0.0026461568817823375,0.9973538431182176,高均值状态,工业增加值高位区制
segment_01,current_segment_refit,2007-09-30,5.79148374467016,0.0822179476150838,0.9177820523849161,0.002734539146095924,0.9972654608539041,高均值状态,工业增加值高位区制
segment_01,current_segment_refit,2007-10-31,5.276988428695077,0.08229202758883729,0.9177079724111628,0.004057698225572951,0.995942301774427,高均值状态,工业增加值高位区制
segment_01,current_segment_refit,2007-11-30,4.925417817036244,0.08340106898578042,0.9165989310142195,0.005385944605932423,0.9946140553940677,高均值状态,工业增加值高位区制
segment_01,current_segment_refit,2007-12-31,4.223311408554299,0.08451437444088927,0.9154856255591107,0.009330890269862155,0.9906691097301379,高均值状态,工业增加值高位区制
segment_01,current_segment_refit,2008-01-31,2.966936160724691,0.08782093683225244,0.9121790631677477,0.025124106543268163,0.9748758934567319,高均值状态,工业增加值高位区制
segment_01,current_segment_refit,2008-02-29,2.1901696798470773,0.10105844614595214,0.898941553854048,0.051803241932332045,0.948196758067668,高均值状态,工业增加值高位区制
segment_01,current_segment_refit,2008-03-31,4.596940253887578,0.12342028157455188,0.8765797184254481,0.010667807470895541,0.9893321925291044,高均值状态,工业增加值高位区制
segment_01,current_segment_refit,2008-04-30,2.615762654475752,0.08894150996909507,0.9110584900309049,0.0330871386704704,0.9669128613295297,高均值状态,工业增加值高位区制
segment_01,current_segment_refit,2008-05-31,2.7374966661496316,0.10773287585832361,0.8922671241416765,0.037115221679949593,0.9628847783200505,高均值状态,工业增加值高位区制
segment_01,current_segment_refit,2008-06-30,2.867628753315449,0.11110912205360457,0.8888908779463955,0.03485219031518733,0.9651478096848127,高均值状态,工业增加值高位区制
segment_01,current_segment_refit,2008-07-31,1.754970815470415,0.10921230140291298,0.8907876985970872,0.07682543378437919,0.9231745662156209,高均值状态,工业增加值高位区制
segment_01,current_segment_refit,2008-08-31,-0.14139871355120803,0.14439330517889593,0.8556066948211042,0.32941790610564936,0.6705820938943508,高均值状态,工业增加值高位区制
segment_01,current_segment_refit,2008-09-30,-1.1002534959601444,0.35611048469689277,0.6438895153031073,0.7707087040303604,0.22929129596963968,低均值状态,工业增加值低位区制
segment_01,current_segment_refit,2008-10-31,-3.9646430111166318,0.725990244870564,0.27400975512943615,0.9931598794154624,0.00684012058453767,低均值状态,工业增加值低位区制
segment_01,current_segment_refit,2008-11-30,-7.013342460890289,0.9124436850708526,0.08755631492914742,0.9998314601875904,0.00016853981240967598,低均值状态,工业增加值低位区制
segment_01,current_segment_refit,2008-12-31,-6.528306000407242,0.9180356500689422,0.0819643499310579,0.9997724459402537,0.0002275540597463249,低均值状态,工业增加值低位区制
segment_01,current_segment_refit,2009-01-31,-15.075575964264171,0.9179861856890947,0.08201381431090529,0.9999996781982615,3.218017385164494e-07,低均值状态,工业增加值低位区制
segment_01,current_segment_refit,2009-02-28,-1.27406931223274,0.9181766465223841,0.08182335347761598,0.9873313598930842,0.01266864010691577,低均值状态,工业增加值低位区制
segment_01,current_segment_refit,2009-03-31,-3.5856110716324316,0.9075583545512875,0.09244164544871239,0.9975197070943256,0.00248029290567445,低均值状态,工业增加值低位区制
segment_01,current_segment_refit,2009-04-30,-4.129654441153096,0.9160979919900999,0.08390200800990005,0.998529782019239,0.0014702179807609308,低均值状态,工业增加值低位区制
segment_01,current_segment_refit,2009-05-31,-1.9470573745996482,0.9169446134758445,0.08305538652415542,0.9922805980927327,0.007719401907267238,低均值状态,工业增加值低位区制
segment_01,current_segment_refit,2009-06-30,0.8173587728526748,0.9117066917632516,0.08829330823674839,0.9350527351646575,0.06494726483534245,低均值状态,工业增加值低位区制
segment_01,current_segment_refit,2009-07-31,2.0976663743966952,0.8637396180906671,0.13626038190933282,0.7678359785727024,0.2321640214272977,低均值状态,工业增加值低位区制
segment_01,current_segment_refit,2009-08-31,4.308875687985785,0.7235823927052336,0.27641760729476644,0.20006202943823564,0.7999379705617644,高均值状态,工业增加值高位区制
segment_01,current_segment_refit,2009-09-30,7.737578876581862,0.24768737489309156,0.7523126251069086,0.0022567958350728527,0.9977432041649271,高均值状态,工业增加值高位区制
segment_01,current_segment_refit,2009-10-31,9.213849586120368,0.0818915941736453,0.9181084058263547,0.000197242693790805,0.9998027573062093,高均值状态,工业增加值高位区制
segment_01,current_segment_refit,2009-11-30,11.33662274557276,0.08016532427283422,0.9198346757271658,3.777585195160666e-05,0.9999622241480485,高均值状态,工业增加值高位区制
segment_01,current_segment_refit,2009-12-31,11.039619236105139,0.08003166284709745,0.9199683371529027,4.736427778547914e-05,0.9999526357222145,高均值状态,工业增加值高位区制
segment_01,current_segment_refit,2010-01-31,20.464857043879064,0.08003969964429457,0.9199603003557054,3.411154877001121e-08,0.9999999658884512,高均值状态,工业增加值高位区制
segment_01,current_segment_refit,2010-02-28,3.885417206746409,0.08000002859151271,0.9199999714084872,0.011368801741556219,0.9886311982584438,高均值状态,工业增加值高位区制
segment_01,current_segment_refit,2010-03-31,8.898614045577652,0.08952906718518579,0.9104709328148142,0.00027696606934528973,0.9997230339306548,高均值状态,工业增加值高位区制
segment_01,current_segment_refit,2010-04-30,8.065561488932232,0.08023214656590945,0.9197678534340906,0.00046566973053377555,0.9995343302694663,高均值状态,工业增加值高位区制
segment_01,current_segment_refit,2010-05-31,6.11752480801959,0.08039031361872935,0.9196096863812707,0.0020788932466771015,0.9979211067533229,高均值状态,工业增加值高位区制
segment_01,current_segment_refit,2010-06-30,2.627388340535031,0.081742480330711,0.9182575196692889,0.029998065608251415,0.9700019343917485,高均值状态,工业增加值高位区制
segment_01,current_segment_refit,2010-07-31,1.2666628077058402,0.1051436861249645,0.8948563138750354,0.10396629499405831,0.8960337050059417,高均值状态,工业增加值高位区制
segment_01,current_segment_refit,2010-08-31,1.1267576110394906,0.16714214853197157,0.8328578514680284,0.18076349297463754,0.8192365070253625,高均值状态,工业增加值高位区制
segment_01,current_segment_refit,2010-09-30,-1.4961262040847245,0.23151178711191067,0.7684882128880894,0.7127415942125196,0.2872584057874803,低均值状态,工业增加值低位区制
segment_01,current_segment_refit,2010-10-31,-0.87737948410504,0.677403551519569,0.32259644848043095,0.9149288878495572,0.08507111215044286,低均值状态,工业增加值低位区制
segment_01,current_segment_refit,2010-11-30,0.1336871580004253,0.846872273805027,0.1531277261949729,0.9287426497334621,0.0712573502665379,低均值状态,工业增加值低位区制
segment_02,current_segment_refit,2010-12-31,-0.2612913870910454,1.064288703528042e-08,0.999999989357113,3.5521364139829285e-08,0.9999999644786359,高均值状态,工业增加值高位区制
segment_02,current_segment_refit,2011-01-31,1.0084319454618527,0.2233640359399802,0.7766359640600199,0.18439537027003347,0.8156046297299666,高均值状态,工业增加值高位区制
segment_02,current_segment_refit,2011-02-28,2.7418607196096207,0.35182046229373704,0.6481795377062631,0.05595109857196771,0.9440489014280323,高均值状态,工业增加值高位区制
segment_02,current_segment_refit,2011-03-31,3.2077014698440713,0.26234156007295517,0.7376584399270448,0.02233588410705287,0.9776641158929471,高均值状态,工业增加值高位区制
segment_02,current_segment_refit,2011-04-30,2.0941071874752186,0.2389239919052809,0.761076008094719,0.06688214597800642,0.9331178540219937,高均值状态,工业增加值高位区制
segment_02,current_segment_refit,2011-05-31,2.3109643844654695,0.26995652109134055,0.7300434789086595,0.06187278887058934,0.9381272111294106,高均值状态,工业增加值高位区制
segment_02,current_segment_refit,2011-06-30,4.221938564311072,0.26646682264953525,0.7335331773504647,0.0072986342767295265,0.9927013657232705,高均值状态,工业增加值高位区制
segment_02,current_segment_refit,2011-07-31,3.1122796283258047,0.2284485025008186,0.7715514974991815,0.02076368906890798,0.979236310931092,高均值状态,工业增加值高位区制
segment_02,current_segment_refit,2011-08-31,2.624569012542974,0.23782874426028777,0.7621712557397121,0.03748151243499684,0.9625184875650031,高均值状态,工业增加值高位区制
segment_02,current_segment_refit,2011-09-30,2.933145379025836,0.24947498167159846,0.7505250183284015,0.028363007955182776,0.9716369920448172,高均值状态,工业增加值高位区制
segment_02,current_segment_refit,2011-10-31,2.0752342282220013,0.243122703286876,0.756877296713124,0.06970986655447611,0.9302901334455239,高均值状态,工业增加值高位区制
segment_02,current_segment_refit,2011-11-30,1.0581767328646627,0.27192641301119513,0.728073586988805,0.21717645763992655,0.7828235423600733,高均值状态,工业增加值高位区制
segment_02,current_segment_refit,2011-12-31,1.600827163361906,0.3746569475077813,0.6253430524922187,0.1934776806890797,0.8065223193109202,高均值状态,工业增加值高位区制
segment_02,current_segment_refit,2012-01-31,-8.332784223902,0.3581475265931476,0.6418524734068523,0.9999452890936046,5.471090639546728e-05,低均值状态,工业增加值低位区制
segment_02,current_segment_refit,2012-02-29,10.004894692648556,0.9199618864136249,0.08003811358637522,0.0003210027232108771,0.9996789972767891,高均值状态,工业增加值高位区制
segment_02,current_segment_refit,2012-03-31,0.6658991974020019,0.2235876332440128,0.7764123667559872,0.25058524065620397,0.7494147593437961,高均值状态,工业增加值高位区制
segment_02,current_segment_refit,2012-04-30,-1.815279634961911,0.3979307080991135,0.6020692919008865,0.9282944711741438,0.07170552882585628,低均值状态,工业增加值低位区制
segment_02,current_segment_refit,2012-05-31,-1.5893243643413708,0.8700473480235799,0.12995265197642022,0.9902331117150616,0.00976688828493847,低均值状态,工业增加值低位区制
segment_02,current_segment_refit,2012-06-30,-1.495180307643114,0.9131960341220693,0.08680396587793074,0.9930611414765973,0.006938858523402691,低均值状态,工业增加值低位区制
segment_02,current_segment_refit,2012-07-31,-1.5559107305628324,0.9151661414313681,0.08483385856863193,0.9936814409064134,0.006318559093586578,低均值状态,工业增加值低位区制
segment_02,current_segment_refit,2012-08-31,-1.792447951849077,0.9155982643380135,0.0844017356619865,0.9951930096494273,0.0048069903505727,低均值状态,工业增加值低位区制
segment_02,current_segment_refit,2012-09-30,0.14560449668051056,0.9166512775239504,0.08334872247604956,0.9584960199295469,0.04150398007045301,低均值状态,工业增加值低位区制
segment_02,current_segment_refit,2012-10-31,-0.9069872175030387,0.891086833804257,0.10891316619574293,0.9827481202425996,0.01725187975740036,低均值状态,工业增加值低位区制
segment_02,current_segment_refit,2012-11-30,-0.8885670318285523,0.9079817196864501,0.09201828031354982,0.9853535344141895,0.014646465585810543,低均值状态,工业增加值低位区制
segment_02,current_segment_refit,2012-12-31,0.7322606876165292,0.9097967449641234,0.09020325503587653,0.9156741589235728,0.08432584107642711,低均值状态,工业增加值低位区制
segment_02,current_segment_refit,2013-01-31,7.316501275367761,0.8612555843198694,0.13874441568013057,0.003690290364098494,0.9963097096359015,高均值状态,工业增加值高位区制
segment_02,current_segment_refit,2013-02-28,-7.114564698369626,0.22593480027129262,0.7740651997287074,0.9995813791841421,0.0004186208158578705,低均值状态,工业增加值低位区制
segment_02,current_segment_refit,2013-03-31,-0.12135647448326203,0.9197083736740104,0.08029162632598967,0.9702371731802215,0.02976282681977842,低均值状态,工业增加值低位区制
segment_02,current_segment_refit,2013-04-30,0.34657477722918983,0.8992661437087575,0.10073385629124257,0.9371516633156575,0.06284833668434252,低均值状态,工业增加值低位区制
segment_02,current_segment_refit,2013-05-31,0.2725759597451667,0.8762175868291233,0.12378241317087667,0.9278672346830689,0.07213276531693112,低均值状态,工业增加值低位区制
segment_02,current_segment_refit,2013-06-30,-0.08309342333542702,0.869749719708166,0.13025028029183394,0.9478990067672218,0.052100993232778135,低均值状态,工业增加值低位区制
segment_02,current_segment_refit,2013-07-31,0.5891158095762101,0.883704573061536,0.116295426938464,0.9059207662603286,0.0940792337396714,低均值状态,工业增加值低位区制
segment_02,current_segment_refit,2013-08-31,1.1292079164006879,0.8544610199777022,0.14553898002229787,0.800881417760791,0.19911858223920903,低均值状态,工业增加值低位区制
segment_02,current_segment_refit,2013-09-30,-0.3427338022267179,0.7812868295722434,0.21871317042775673,0.9289827808639503,0.07101721913604969,低均值状态,工业增加值低位区制
segment_02,current_segment_refit,2013-10-31,1.092388424815434,0.8705268493249425,0.12947315067505744,0.8276894120170281,0.17231058798297186,低均值状态,工业增加值低位区制
segment_02,current_segment_refit,2013-11-30,1.3983417785727994,0.7999622431588286,0.2000377568411713,0.6684898077821863,0.3315101922178138,低均值状态,工业增加值低位区制
segment_02,current_segment_refit,2013-12-31,0.45119135713514424,0.6890580694452485,0.3109419305547516,0.7666711016756388,0.23332889832436113,低均值状态,工业增加值低位区制
segment_02,current_segment_refit,2014-01-31,0.24605990660794852,0.7574546921989153,0.2425453078010847,0.8539921936094447,0.14600780639055522,低均值状态,工业增加值低位区制
segment_02,current_segment_refit,2014-02-28,-0.07137682651143606,0.8182857074217963,0.18171429257820354,0.9237024886227985,0.0762975113772016,低均值状态,工业增加值低位区制
segment_02,current_segment_refit,2014-03-31,-0.18701547936440122,0.8668484077183459,0.13315159228165419,0.9523039341234129,0.047696065876587125,低均值状态,工业增加值低位区制
segment_02,current_segment_refit,2014-04-30,-0.48061445392859525,0.8867732039859324,0.11322679601406757,0.9710609466433485,0.02893905335665145,低均值状态,工业增加值低位区制
segment_02,current_segment_refit,2014-05-31,-0.4755038911279996,0.8998400139497945,0.1001599860502054,0.9745343500019419,0.025465649998058112,低均值状态,工业增加值低位区制
segment_02,current_segment_refit,2014-06-30,-0.18972413670037724,0.9022597117330285,0.09774028826697145,0.9659845359959955,0.03401546400400454,低均值状态,工业增加值低位区制
segment_02,current_segment_refit,2014-07-31,-0.41050764858925426,0.8963036035988932,0.10369639640110691,0.9715840510142498,0.02841594898575013,低均值状态,工业增加值低位区制
segment_02,current_segment_refit,2014-08-31,-2.408027596415362,0.9002044272804659,0.0997955727195341,0.9971265855525481,0.0028734144474519005,低均值状态,工业增加值低位区制
segment_02,current_segment_refit,2014-09-30,-1.0643863643304066,0.9179982760851514,0.08200172391484856,0.9893894291204146,0.01061057087958535,低均值状态,工业增加值低位区制
segment_02,current_segment_refit,2014-10-31,-1.191004459688144,0.9126082944635094,0.08739170553649053,0.9901450455582878,0.009854954441712152,低均值状态,工业增加值低位区制
segment_02,current_segment_refit,2014-11-30,-1.6203042568099297,0.9131346840678649,0.08686531593213506,0.993972447781136,0.006027552218863972,低均值状态,工业增加值低位区制
segment_02,current_segment_refit,2014-12-31,-0.8089522463015246,0.9158009901999351,0.08419900980006494,0.9854501455558367,0.014549854444163346,低均值状态,工业增加值低位区制
segment_02,current_segment_refit,2015-01-31,0.8603100219174582,0.9098640477623146,0.0901359522376855,0.9037821991854678,0.0962178008145322,低均值状态,工业增加值低位区制
segment_02,current_segment_refit,2015-02-28,-5.210109168291984,0.8529712171888796,0.14702878281112036,0.9998157253526615,0.00018427464733853505,低均值状态,工业增加值低位区制
segment_02,current_segment_refit,2015-03-31,-3.232665409339994,0.9198716276488396,0.08012837235116042,0.9991154570280311,0.0008845429719689681,低均值状态,工业增加值低位区制
segment_02,current_segment_refit,2015-04-30,-2.610113633222843,0.9193837955320815,0.0806162044679185,0.9981925187964761,0.0018074812035238407,低均值状态,工业增加值低位区制
segment_02,current_segment_refit,2015-05-31,-2.3102544747818836,0.9187408435445358,0.08125915645546411,0.9974367129055334,0.00256328709446659,低均值状态,工业增加值低位区制
segment_02,current_segment_refit,2015-06-30,-1.5524374076118894,0.9182143219603539,0.08178567803964601,0.9939032739134323,0.006096726086567852,低均值状态,工业增加值低位区制
segment_02,current_segment_refit,2015-07-31,-2.103902229399324,0.9157528011942078,0.08424719880579232,0.9966302501476209,0.0033697498523790766,低均值状态,工业增加值低位区制
segment_02,current_segment_refit,2015-08-31,-2.1292848308976673,0.9176525109795608,0.08234748902043917,0.9968061394664897,0.003193860533510325,低均值状态,工业增加值低位区制
segment_02,current_segment_refit,2015-09-30,-2.833249756517106,0.9177750418091312,0.08222495819086872,0.9985670725028871,0.001432927497112924,低均值状态,工业增加值低位区制
segment_02,current_segment_refit,2015-10-31,-2.227171988963631,0.9190017711361622,0.08099822886383778,0.9971928842801078,0.0028071157198923456,低均值状态,工业增加值低位区制
segment_02,current_segment_refit,2015-11-30,-1.277582135725896,0.9180444621647815,0.08195553783521858,0.991662601057451,0.008337398942549087,低均值状态,工业增加值低位区制
segment_03,current_segment_refit,2015-12-31,-1.6535037046204524,2.595339017608196e-101,1.0,2.376435865959405e-139,1.0,高均值状态,工业增加值高位区制
segment_03,current_segment_refit,2016-01-31,-1.3193863768326466,0.07999999999999996,0.92,1.2504516243462644e-40,1.0,高均值状态,工业增加值高位区制
segment_03,current_segment_refit,2016-02-29,-2.6326189695041924,0.07999999999999996,0.92,1.8072689485668936e-37,1.0,高均值状态,工业增加值高位区制
segment_03,current_segment_refit,2016-03-31,-0.7558147442716621,0.07999999999999996,0.92,5.5077847646386674e-42,1.0,高均值状态,工业增加值高位区制
segment_03,current_segment_refit,2016-04-30,-1.5264378208128626,0.07999999999999996,0.92,3.938064727208343e-40,1.0,高均值状态,工业增加值高位区制
segment_03,current_segment_refit,2016-05-31,-1.4893163771391045,0.07999999999999996,0.92,3.2059715188360923e-40,1.0,高均值状态,工业增加值高位区制
segment_03,current_segment_refit,2016-06-30,-1.1459310202515587,0.07999999999999996,0.92,4.782899645427243e-41,1.0,高均值状态,工业增加值高位区制
segment_03,current_segment_refit,2016-07-31,-1.4081934614643465,0.07999999999999996,0.92,2.045305865727825e-40,1.0,高均值状态,工业增加值高位区制
segment_03,current_segment_refit,2016-08-31,-1.1001950343375704,0.07999999999999996,0.92,3.712268685983744e-41,1.0,高均值状态,工业增加值高位区制
segment_03,current_segment_refit,2016-09-30,-1.2845121362867102,0.07999999999999996,0.92,1.0307444859710414e-40,1.0,高均值状态,工业增加值高位区制
segment_03,current_segment_refit,2016-10-31,-1.1653529112983705,0.07999999999999996,0.92,5.326292904359526e-41,1.0,高均值状态,工业增加值高位区制
segment_03,current_segment_refit,2016-11-30,-1.1966892829180091,0.07999999999999996,0.92,6.336186477866606e-41,1.0,高均值状态,工业增加值高位区制
segment_03,current_segment_refit,2016-12-31,-1.4687708979020355,0.07999999999999996,0.92,2.861028983524273e-40,1.0,高均值状态,工业增加值高位区制
segment_03,current_segment_refit,2017-01-31,-4.457459792007485,0.07999999999999996,0.92,4.446641046240308e-33,1.0,高均值状态,工业增加值高位区制
segment_03,current_segment_refit,2017-02-28,2.7684567460763176,0.07999999999999996,0.92,1.8227437399797e-50,1.0,高均值状态,工业增加值高位区制
segment_03,current_segment_refit,2017-03-31,0.12678407575848638,0.07999999999999996,0.92,4.14219264844552e-44,1.0,高均值状态,工业增加值高位区制
segment_03,current_segment_refit,2017-04-30,-1.0062310153279794,0.07999999999999996,0.92,2.205663209498085e-41,1.0,高均值状态,工业增加值高位区制
segment_03,current_segment_refit,2017-05-31,-1.022670079852717,0.07999999999999996,0.92,2.4159924490847343e-41,1.0,高均值状态,工业增加值高位区制
segment_03,current_segment_refit,2017-06-30,0.10414559589932537,0.07999999999999996,0.92,4.695739139553863e-44,1.0,高均值状态,工业增加值高位区制
segment_03,current_segment_refit,2017-07-31,-1.1267751994879198,0.07999999999999996,0.92,4.301280065142803e-41,1.0,高均值状态,工业增加值高位区制
segment_03,current_segment_refit,2017-08-31,-1.4899490397210302,0.07999999999999996,0.92,3.217229182198313e-40,1.0,高均值状态,工业增加值高位区制
segment_03,current_segment_refit,2017-09-30,-0.38446948356566857,0.07999999999999996,0.92,7.037692128474832e-43,1.0,高均值状态,工业增加值高位区制
segment_03,current_segment_refit,2017-10-31,-1.5119801919164857,0.07999999999999996,0.92,3.6349152624537625e-40,1.0,高均值状态,工业增加值高位区制
segment_03,current_segment_refit,2017-11-30,-1.9972740381323124,0.07999999999999996,0.92,5.348461825217645e-39,1.0,高均值状态,工业增加值高位区制
segment_03,current_segment_refit,2017-12-31,-1.5569819552492508,0.07999999999999996,0.92,4.664224438753397e-40,1.0,高均值状态,工业增加值高位区制
segment_03,current_segment_refit,2018-01-31,7.307343877149998,0.07999999999999996,0.92,2.1830472587398295e-61,1.0,高均值状态,工业增加值高位区制
segment_03,current_segment_refit,2018-02-28,-10.079172327370284,0.07999999999999996,0.92,1.4970451748016865e-19,1.0,高均值状态,工业增加值高位区制
segment_03,current_segment_refit,2018-03-31,-1.8191309440546535,0.07999999999999996,0.92,1.993303555472532e-39,1.0,高均值状态,工业增加值高位区制
segment_03,current_segment_refit,2018-04-30,-0.6624978651433011,0.07999999999999996,0.92,3.284232791555584e-42,1.0,高均值状态,工业增加值高位区制
segment_03,current_segment_refit,2018-05-31,-0.923141892265785,0.07999999999999996,0.92,1.3918955030499146e-41,1.0,高均值状态,工业增加值高位区制
segment_03,current_segment_refit,2018-06-30,-1.6005570923541779,0.07999999999999996,0.92,5.937884980501629e-40,1.0,高均值状态,工业增加值高位区制
segment_03,current_segment_refit,2018-07-31,-1.531120879804151,0.07999999999999996,0.92,4.041582282049187e-40,1.0,高均值状态,工业增加值高位区制
segment_03,current_segment_refit,2018-08-31,-1.4629411810875732,0.07999999999999996,0.92,2.7700942505563263e-40,1.0,高均值状态,工业增加值高位区制
segment_03,current_segment_refit,2018-09-30,-3.190775246209008,0.07999999999999996,0.92,3.981824026900947e-36,1.0,高均值状态,工业增加值高位区制
segment_03,current_segment_refit,2018-10-31,-1.6264457238271124,0.07999999999999996,0.92,6.8537159698273975e-40,1.0,高均值状态,工业增加值高位区制
segment_03,current_segment_refit,2018-11-30,-1.571847549978087,0.07999999999999996,0.92,5.064652632124846e-40,1.0,高均值状态,工业增加值高位区制
segment_03,current_segment_refit,2018-12-31,-2.249782249086212,0.07999999999999996,0.92,2.1668300686900687e-38,1.0,高均值状态,工业增加值高位区制
segment_03,current_segment_refit,2019-01-31,-0.12667024391924464,0.07999999999999996,0.92,1.6869523424551792e-43,1.0,高均值状态,工业增加值高位区制
segment_03,current_segment_refit,2019-02-28,-4.267964319106776,0.07999999999999996,0.92,1.5561807501621945e-33,1.0,高均值状态,工业增加值高位区制
segment_03,current_segment_refit,2019-03-31,0.9019191426924689,0.07999999999999996,0.92,5.650247365538093e-46,1.0,高均值状态,工业增加值高位区制
segment_03,current_segment_refit,2019-04-30,-2.13831939287774,0.07999999999999996,0.92,1.1684717245340613e-38,1.0,高均值状态,工业增加值高位区制
segment_03,current_segment_refit,2019-05-31,-2.427389773704504,0.07999999999999996,0.92,5.796843859377811e-38,1.0,高均值状态,工业增加值高位区制
segment_03,current_segment_refit,2019-06-30,-1.1075620318345099,0.07999999999999996,0.92,3.866928868887479e-41,1.0,高均值状态,工业增加值高位区制
segment_03,current_segment_refit,2019-07-31,-2.531420540851652,0.07999999999999996,0.92,1.0316083320413572e-37,1.0,高均值状态,工业增加值高位区制
segment_03,current_segment_refit,2019-08-31,-2.8856203650030814,0.07999999999999996,0.92,7.341849228385385e-37,1.0,高均值状态,工业增加值高位区制
segment_03,current_segment_refit,2019-09-30,-1.6764010075789333,0.07999999999999996,0.92,9.039213044281136e-40,1.0,高均值状态,工业增加值高位区制
segment_03,current_segment_refit,2019-10-31,-2.3617113953872204,0.07999999999999996,0.92,4.0285940468098034e-38,1.0,高均值状态,工业增加值高位区制
segment_03,current_segment_refit,2019-11-30,-1.291519309661786,0.07999999999999996,0.92,1.0715488575214697e-40,1.0,高均值状态,工业增加值高位区制
segment_03,current_segment_refit,2019-12-31,-0.6976876421729674,0.07999999999999996,0.92,3.991251227430174e-42,1.0,高均值状态,工业增加值高位区制
segment_03,current_segment_refit,2020-01-31,-11.433927780746572,0.07999999999999996,0.92,2.7233588057754766e-16,0.9999999999999998,高均值状态,工业增加值高位区制
segment_03,current_segment_refit,2020-02-29,-33.417896098022794,0.07999999999999995,0.92,1.0,4.6359564771267645e-38,低均值状态,工业增加值低位区制
segment_03,current_segment_refit,2020-03-31,-8.269308597580446,5.133323033527243e-32,1.0,3.9026586782065565e-54,1.0,高均值状态,工业增加值高位区制
segment_03,current_segment_refit,2020-04-30,-3.045193865932339,0.07999999999999996,0.92,1.7773705461703392e-36,1.0,高均值状态,工业增加值高位区制
segment_03,current_segment_refit,2020-05-31,-2.730659600284138,0.07999999999999996,0.92,3.111231344805127e-37,1.0,高均值状态,工业增加值高位区制
segment_03,current_segment_refit,2020-06-30,-2.182022901431764,0.07999999999999996,0.92,1.4886048890833893e-38,1.0,高均值状态,工业增加值高位区制
segment_03,current_segment_refit,2020-07-31,-2.3220829258564955,0.07999999999999996,0.92,3.234430358229993e-38,1.0,高均值状态,工业增加值高位区制
segment_03,current_segment_refit,2020-08-31,-1.9048099360820014,0.07999999999999996,0.92,3.2043346150984585e-39,1.0,高均值状态,工业增加值高位区制
segment_03,current_segment_refit,2020-09-30,1.0695866884812935,0.07999999999999996,0.92,2.2316121155268268e-46,1.0,高均值状态,工业增加值高位区制
segment_03,current_segment_refit,2020-10-31,5.875391261600976,0.07999999999999996,0.92,6.0909940770793904e-58,1.0,高均值状态,工业增加值高位区制
segment_03,current_segment_refit,2020-11-30,5.843937689021214,0.07999999999999996,0.92,7.250585795486311e-58,1.0,高均值状态,工业增加值高位区制
segment_04,current_segment_refit,2020-12-31,4.434601439270803,5.987952752804977e-106,1.0,5.599003527084377e-106,1.0,高均值状态,工业增加值高位区制
segment_04,current_segment_refit,2021-01-31,22.099735934309376,0.08250916694535071,0.9174908330546493,0.06390306137597125,0.9360969386240288,高均值状态,工业增加值高位区制
segment_04,current_segment_refit,2021-02-28,46.14873619839533,0.07723657858596171,0.9227634214140383,0.045655142359019345,0.9543448576409806,高均值状态,工业增加值高位区制
segment_04,current_segment_refit,2021-03-31,7.331784419514183,0.07874219918253662,0.9212578008174633,0.07169696041788673,0.9283030395821134,高均值状态,工业增加值高位区制
segment_04,current_segment_refit,2021-04-30,2.8286966361685204,0.07659351046875709,0.923406489531243,0.07325257788291027,0.9267474221170897,高均值状态,工业增加值高位区制
segment_04,current_segment_refit,2021-05-31,1.4706362827699948,0.07646515776763237,0.9235348422323676,0.07422309196138624,0.9257769080386138,高均值状态,工业增加值高位区制
segment_04,current_segment_refit,2021-06-30,0.7296892536277353,0.07638508145950858,0.9236149185404914,0.074747639183688,0.925252360816312,高均值状态,工业增加值高位区制
segment_04,current_segment_refit,2021-07-31,-1.3550639433515919,0.07634180150517296,0.923658198494827,0.07642364361707063,0.9235763563829293,高均值状态,工业增加值高位区制
segment_04,current_segment_refit,2021-08-31,-2.6430085847154245,0.07620351577557784,0.9237964842244222,0.07736311023319029,0.9226368897668097,高均值状态,工业增加值高位区制
segment_04,current_segment_refit,2021-09-30,-7.753128550321225,0.07612600116770885,0.9238739988322912,0.08169586178107946,0.9183041382189204,高均值状态,工业增加值高位区制
segment_04,current_segment_refit,2021-10-31,-14.214791401874177,0.07576850944691133,0.9242314905530886,0.08719555254801617,0.9128044474519839,高均值状态,工业增加值高位区制
segment_04,current_segment_refit,2021-11-30,-13.000203071758076,0.07531473454327435,0.9246852654567257,0.08555178814679787,0.9144482118532021,高均值状态,工业增加值高位区制
segment_04,current_segment_refit,2021-12-31,-10.033220823521003,0.07545036017467328,0.9245496398253267,0.0830001420550496,0.9169998579449504,高均值状态,工业增加值高位区制
segment_04,current_segment_refit,2022-01-31,-9.640453235976501,0.0756608943680428,0.9243391056319572,0.08287687692947443,0.9171231230705256,高均值状态,工业增加值高位区制
segment_04,current_segment_refit,2022-02-28,3.5358851223239505,0.07567106487086742,0.9243289351291326,0.07180899641307074,0.9281910035869293,高均值状态,工业增加值高位区制
segment_04,current_segment_refit,2022-03-31,-3.4006719298001222,0.07658426647212657,0.9234157335278734,0.07839268674671404,0.9216073132532859,高均值状态,工业增加值高位区制
segment_04,current_segment_refit,2022-04-30,-10.724458575139419,0.0760410516672715,0.9239589483327285,0.08427193565830605,0.915728064341694,高均值状态,工业增加值高位区制
segment_04,current_segment_refit,2022-05-31,-6.43847178796243,0.07555595973731168,0.9244440402626883,0.07993930033507399,0.920060699664926,高均值状态,工业增加值高位区制
segment_04,current_segment_refit,2022-06-30,-2.7271340715981496,0.07591344186850955,0.9240865581314904,0.0771396319698184,0.9228603680301816,高均值状态,工业增加值高位区制
segment_04,current_segment_refit,2022-07-31,-2.670166591627848,0.07614444017305005,0.92385555982695,0.07732607289391939,0.9226739271060806,高均值状态,工业增加值高位区制
segment_04,current_segment_refit,2022-08-31,-2.2061453845492442,0.07612905708771796,0.923870942912282,0.07692077365585967,0.9230792263441403,高均值状态,工业增加值高位区制
segment_04,current_segment_refit,2022-09-30,-0.16727902436019448,0.07616249799021385,0.9238375020097862,0.07526281463934355,0.9247371853606564,高均值状态,工业增加值高位区制
segment_04,current_segment_refit,2022-10-31,-2.8812992706044085,0.07629929480749613,0.9237007051925039,0.07766140593519427,0.9223385940648057,高均值状态,工业增加值高位区制
segment_04,current_segment_refit,2022-11-30,-5.73738971179651,0.0761013890378331,0.9238986109621667,0.07990326882808138,0.9200967311719186,高均值状态,工业增加值高位区制
segment_04,current_segment_refit,2022-12-31,-4.864703046975863,0.07591641479813531,0.9240835852018647,0.07895768003305162,0.9210423199669483,高均值状态,工业增加值高位区制
segment_04,current_segment_refit,2023-01-31,-15.72517803625631,0.07599443454188606,0.9240055654581139,0.08888520554446612,0.9111147944555339,高均值状态,工业增加值高位区制
segment_04,current_segment_refit,2023-02-28,13.13705478813697,0.07517532268211054,0.9248246773178894,0.06418576646217601,0.935814233537824,高均值状态,工业增加值高位区制
segment_04,current_segment_refit,2023-03-31,-1.6618844164160165,0.07721325282480773,0.9227867471751923,0.07755457515224558,0.9224454248477545,高均值状态,工业增加值高位区制
segment_04,current_segment_refit,2023-04-30,-0.5852128597394772,0.07611020355673834,0.9238897964432617,0.07555483773473412,0.924445162265266,高均值状态,工业增加值高位区制
segment_04,current_segment_refit,2023-05-31,-3.377889830987465,0.07627520022516665,0.9237247997748335,0.07805759025581513,0.921942409744185,高均值状态,工业增加值高位区制
segment_04,current_segment_refit,2023-06-30,-2.5893219313556486,0.07606870019958188,0.9239312998004182,0.07718127981610248,0.9228187201838975,高均值状态,工业增加值高位区制
segment_04,current_segment_refit,2023-07-31,-2.8481883153313516,0.07614100384394809,0.9238589961560519,0.07747259617481685,0.9225274038251832,高均值状态,工业增加值高位区制
segment_04,current_segment_refit,2023-08-31,-1.6207127922628812,0.07611696757387301,0.923883032426127,0.07641954737058007,0.9235804526294199,高均值状态,工业增加值高位区制
segment_04,current_segment_refit,2023-09-30,0.5832746409698633,0.07620385375346338,0.9237961462465366,0.07468930244316095,0.9253106975568391,高均值状态,工业增加值高位区制
segment_04,current_segment_refit,2023-10-31,-1.919592880076065,0.07634661482103616,0.923653385178964,0.07690002315125588,0.9230999768487442,高均值状态,工业增加值高位区制
segment_04,current_segment_refit,2023-11-30,-0.7641751856708652,0.07616421009706241,0.9238357899029377,0.07575621568563556,0.9242437843143644,高均值状态,工业增加值高位区制
segment_04,current_segment_refit,2023-12-31,0.3551451195892126,0.0762585846981966,0.9237414153018033,0.0749294193523725,0.9250705806476275,高均值状态,工业增加值高位区制
segment_04,current_segment_refit,2024-01-31,18.2132980581994,0.07632680297488761,0.9236731970251124,0.06162449320559724,0.9383755067944027,高均值状态,工业增加值高位区制
segment_04,current_segment_refit,2024-02-29,-19.304382755548787,0.07742458134752746,0.9225754186524725,0.09407249675991386,0.9059275032400861,高均值状态,工业增加值高位区制
segment_04,current_segment_refit,2024-03-31,-2.1395256154460593,0.074747323605221,0.925252676394779,0.07547097348178007,0.92452902651822,高均值状态,工业增加值高位区制
segment_04,current_segment_refit,2024-04-30,0.17444544778868387,0.07628211979481439,0.9237178802051857,0.07510055732849875,0.9248994426715013,高均值状态,工业增加值高位区制
segment_04,current_segment_refit,2024-05-31,-1.077617100376802,0.07631268252304473,0.9236873174769553,0.07616380695997137,0.9238361930400286,高均值状态,工业增加值高位区制
segment_04,current_segment_refit,2024-06-30,-1.3815403893578644,0.07622495468169696,0.923775045318303,0.0763287064971207,0.9236712935028794,高均值状态,工业增加值高位区制
segment_04,current_segment_refit,2024-07-31,-1.9895855032023535,0.07621134895825711,0.923788651041743,0.0768224147100656,0.9231775852899344,高均值状态,工业增加值高位区制
segment_04,current_segment_refit,2024-08-31,-2.9125404766162415,0.07617061350489295,0.923829386495107,0.0775569908978508,0.9224430091021492,高均值状态,工业增加值高位区制
segment_04,current_segment_refit,2024-09-30,-5.272971318914044,0.07611000423558088,0.9238899957644191,0.0795102520222898,0.9204897479777101,高均值状态,工业增加值高位区制
segment_04,current_segment_refit,2024-10-31,-2.1896410838372526,0.07594884228737668,0.9240511577126233,0.07672504280444627,0.9232749571955537,高均值状态,工业增加值高位区制
segment_04,current_segment_refit,2024-11-30,-0.6513560280520441,0.07617864757970948,0.9238213524202905,0.07567740299676658,0.9243225970032334,高均值状态,工业增加值高位区制
segment_04,current_segment_refit,2024-12-31,-1.8024869667526042,0.07626508746749991,0.9237349125325001,0.07672001043925802,0.923279989560742,高均值状态,工业增加值高位区制
segment_04,current_segment_refit,2025-01-31,-16.66885540375898,0.07617906279596892,0.9238209372040311,0.09000606101105325,0.9099939389889468,高均值状态,工业增加值高位区制
segment_04,current_segment_refit,2025-02-28,23.839346392715708,0.0750828418312963,0.9249171581687037,0.05693317189883768,0.9430668281011624,高均值状态,工业增加值高位区制
segment_04,current_segment_refit,2025-03-31,0.4570273794354316,0.07781165836042117,0.922188341639579,0.07637281308655093,0.9236271869134491,高均值状态,工业增加值高位区制
segment_04,current_segment_refit,2025-04-30,-0.8917797864795753,0.07620770976030641,0.9237922902396937,0.07590505605334853,0.9240949439466515,高均值状态,工业增加值高位区制
segment_04,current_segment_refit,2025-05-31,-1.2055423012031738,0.07624630400344877,0.9237536959965512,0.07620374902045092,0.9237962509795491,高均值状态,工业增加值高位区制
segment_04,current_segment_refit,2025-06-30,-0.2561523355265498,0.07622165909556072,0.9237783409044393,0.07539440982852379,0.9246055901714763,高均值状态,工业增加值高位区制
segment_04,current_segment_refit,2025-07-31,-1.3625923115420022,0.07628843699806286,0.9237115630019371,0.07637649334778361,0.9236235066522164,高均值状态,工业增加值高位区制
segment_04,current_segment_refit,2025-08-31,-2.083678843475819,0.07620740610501796,0.923792593894982,0.07689722295871017,0.9231027770412898,高均值状态,工业增加值高位区制
segment_04,current_segment_refit,2025-09-30,1.8411109266561567,0.07616444113861663,0.9238355588613834,0.07363173023148631,0.9263682697685137,高均值状态,工业增加值高位区制
segment_04,current_segment_refit,2025-10-31,-4.022463160562804,0.07643387422320598,0.923566125776794,0.07876984474721209,0.921230155252788,高均值状态,工业增加值高位区制
segment_04,current_segment_refit,2025-11-30,-5.28929460625555,0.07600993267484363,0.9239900673251563,0.0794201760115347,0.9205798239884653,高均值状态,工业增加值高位区制
