date,code,indicator,hamilton_cycle,model_A_regime,model_A_prob_high,model_B_regime,model_B_prob_high,model_B_converged
2006-01-31,M0000612,CPI,0.759189787166778,低位区制,0.31352956538671944,低位区制,0.0,True
2006-02-28,M0000612,CPI,-0.2019210503050835,低位区制,0.0072605325205185615,低位区制,0.0,True
2006-03-31,M0000612,CPI,-0.6682977424337694,低位区制,1.465337093927832e-05,低位区制,0.0,True
2006-04-30,M0000612,CPI,-0.17065237333883998,低位区制,0.00014347417350171542,低位区制,3.147704388842544e-86,True
2006-05-31,M0000612,CPI,0.18429762836932523,低位区制,0.001001622757963023,低位区制,5.9287531059292086e-24,True
2006-06-30,M0000612,CPI,0.0002860359866165285,低位区制,0.00038932268426902994,低位区制,0.0,True
2006-07-31,M0000612,CPI,-0.5740876461794727,低位区制,1.0324928498771602e-05,低位区制,0.0,True
2006-08-31,M0000612,CPI,-0.6788885580303183,低位区制,4.7945942950398546e-06,低位区制,0.0,True
2006-09-30,M0000612,CPI,-0.660194514613224,低位区制,1.000067357562049e-05,低位区制,0.0,True
2006-10-31,M0000612,CPI,0.04117825177406376,低位区制,0.0035000484049008437,低位区制,0.0,True
2006-11-30,M0000612,CPI,0.5392071015270666,低位区制,0.03473354973946381,低位区制,0.0,True
2006-12-31,M0000612,CPI,0.6330661546403811,低位区制,0.045347514673830705,低位区制,7.870344526093072e-44,True
2007-01-31,M0000612,CPI,-0.155629824099917,低位区制,0.023233367035301464,低位区制,0.0,True
2007-02-28,M0000612,CPI,0.0918015381159823,低位区制,0.12163461395547875,低位区制,2.4083032528576443e-21,True
2007-03-31,M0000612,CPI,0.905942728268115,高位区制,0.8767716440358309,低位区制,0.0,True
2007-04-30,M0000612,CPI,0.6387004796094632,高位区制,0.9539899936381424,低位区制,0.0,True
2007-05-31,M0000612,CPI,0.6397292345393714,高位区制,0.9850932930454809,低位区制,2.130819153497311e-177,True
2007-06-30,M0000612,CPI,1.1359243033197535,高位区制,0.9993387421638437,低位区制,0.0,True
2007-07-31,M0000612,CPI,1.5739356420187756,高位区制,0.9999743444554149,低位区制,0.0,True
2007-08-31,M0000612,CPI,1.4877547474790809,高位区制,0.9999684100289196,低位区制,4.5838605156597954e-27,True
2007-09-30,M0000612,CPI,1.791296084014367,高位区制,0.9999906525190663,低位区制,0.0,True
2007-10-31,M0000612,CPI,1.971260279876969,高位区制,0.9999952636127173,低位区制,0.0,True
2007-11-30,M0000612,CPI,1.9358783395834758,高位区制,0.9999946097343732,低位区制,2.0779412779736816e-39,True
2007-12-31,M0000612,CPI,1.8338191581108103,高位区制,0.999992110159732,高位区制,0.7130162855831582,True
2008-01-31,M0000612,CPI,2.1715714929312484,高位区制,0.9999976729580111,低位区制,0.0,True
2008-02-29,M0000612,CPI,2.472586774499767,高位区制,0.9999991227532863,低位区制,0.0,True
2008-03-31,M0000612,CPI,1.445525816896609,高位区制,0.9999618779024183,低位区制,0.0,True
2008-04-30,M0000612,CPI,1.2775978523049987,高位区制,0.9999217096081503,低位区制,5.3571228652109893e-219,True
2008-05-31,M0000612,CPI,1.6127640917052612,高位区制,0.9999807571914906,低位区制,0.0,True
2008-06-30,M0000612,CPI,1.668602845857595,高位区制,0.9999678702805059,低位区制,9.456187833537835e-70,True
2008-07-31,M0000612,CPI,1.1993565018363386,高位区制,0.995329632868914,低位区制,0.0,True
2008-08-31,M0000612,CPI,0.6917070605717326,高位区制,0.8251855467468391,低位区制,0.0,True
2008-09-30,M0000612,CPI,0.3191714875272915,低位区制,0.2632180722942268,低位区制,0.0,True
2008-10-31,M0000612,CPI,-1.0217858160987936,低位区制,3.088730031088922e-05,低位区制,0.0,True
2008-11-30,M0000612,CPI,-1.6162361893112533,低位区制,6.416056662235359e-09,低位区制,0.0,True
2008-12-31,M0000612,CPI,-1.850528501662758,低位区制,1.0479808632230696e-09,低位区制,0.0,True
2009-01-31,M0000612,CPI,-1.008217638103644,低位区制,5.202330696486582e-07,低位区制,0.0,True
2009-02-28,M0000612,CPI,-2.0544243797278483,低位区制,2.0754014174572732e-10,低位区制,0.0,True
2009-03-31,M0000612,CPI,-1.4124755159894509,低位区制,2.9136886699911495e-08,低位区制,0.039112874594670506,True
2009-04-30,M0000612,CPI,-1.0120131749073125,低位区制,5.068009449728869e-07,低位区制,6.611479401809604e-151,True
2009-05-31,M0000612,CPI,-1.1024726673474277,低位区制,2.699779876268997e-07,低位区制,0.0,True
2009-06-30,M0000612,CPI,-1.405972135382354,低位区制,3.057492076701177e-08,低位区制,0.0,True
2009-07-31,M0000612,CPI,-0.8956780008093115,低位区制,1.8391406022295644e-06,低位区制,4.58422525544157e-05,True
2009-08-31,M0000612,CPI,0.012237927426261397,低位区制,0.0026068116988445284,低位区制,0.0,True
2009-09-30,M0000612,CPI,-0.15708123996228585,低位区制,0.029654799951755413,低位区制,0.0,True
2009-10-31,M0000612,CPI,0.9697511727967381,高位区制,0.9213727165862627,低位区制,0.0,True
2009-11-30,M0000612,CPI,0.8923099327684716,高位区制,0.9898634572379909,低位区制,1.0948408034392807e-217,True
2009-12-31,M0000612,CPI,1.1610541932377685,高位区制,0.9970388660324903,低位区制,9.509624879415979e-234,True
2010-01-31,M0000612,CPI,0.1529913767575945,高位区制,0.9703567831540777,低位区制,0.0,True
2010-02-28,M0000612,CPI,1.0452477773121496,高位区制,0.9925826041293678,低位区制,0.0,True
2010-03-31,M0000612,CPI,0.8834540045115468,高位区制,0.9777123801308786,低位区制,0.0,True
2010-04-30,M0000612,CPI,0.6658709926405773,高位区制,0.842060540390554,低位区制,0.0,True
2010-05-31,M0000612,CPI,0.4366448534345835,低位区制,0.4489418424837232,低位区制,0.0,True
2010-06-30,M0000612,CPI,0.22292589436637927,低位区制,0.102544918458045,低位区制,0.0,True
2010-07-31,M0000612,CPI,-0.02566294524862134,低位区制,0.006735868074742689,低位区制,0.0,True
2010-08-31,M0000612,CPI,-0.6048593561958038,低位区制,0.00013388103747801437,低位区制,0.0,True
2010-09-30,M0000612,CPI,0.024528232779665315,低位区制,0.023096035622662485,低位区制,0.0,True
2010-10-31,M0000612,CPI,0.27471980672404916,低位区制,0.27726342939748666,低位区制,0.08556063243682643,True
2010-11-30,M0000612,CPI,1.1540516964499208,高位区制,0.9718133804881988,低位区制,0.0,True
2010-12-31,M0000612,CPI,0.7555888426698526,高位区制,0.9937545518695947,低位区制,0.0,True
2011-01-31,M0000612,CPI,1.025052776749675,高位区制,0.9993885126883151,低位区制,2.5773601060930412e-169,True
2011-02-28,M0000612,CPI,1.1671686345028598,高位区制,0.9998529281447907,低位区制,3.2859323946942225e-37,True
2011-03-31,M0000612,CPI,1.324459204448459,高位区制,0.9999332696312015,低位区制,4.1338990038718594e-98,True
2011-04-30,M0000612,CPI,1.2193865378628885,高位区制,0.9998963261381423,低位区制,1.471886676869995e-125,True
2011-05-31,M0000612,CPI,1.2621345419405028,高位区制,0.9999139753600542,高位区制,0.716215664042853,True
2011-06-30,M0000612,CPI,1.341118334965242,高位区制,0.9999363140396181,低位区制,2.474792534493459e-20,True
2011-07-31,M0000612,CPI,1.003019605851586,高位区制,0.9997225393603866,低位区制,0.0,True
2011-08-31,M0000612,CPI,1.368581198671951,高位区制,0.999943388425189,低位区制,0.0,True
2011-09-30,M0000612,CPI,1.530218654578979,高位区制,0.9999102931574247,低位区制,5.2451799043791364e-189,True
2011-10-31,M0000612,CPI,1.3118605705944182,高位区制,0.9902189486384525,低位区制,6.136e-321,True
2011-11-30,M0000612,CPI,0.2575741971384252,低位区制,0.39487145209981395,低位区制,0.0,True
2011-12-31,M0000612,CPI,0.3007318029981295,低位区制,0.19966849001649628,低位区制,2.1966711643517828e-257,True
2012-01-31,M0000612,CPI,0.5204287111417396,低位区制,0.12002756537804957,高位区制,0.5457587337613293,True
2012-02-29,M0000612,CPI,-0.5924445458764904,低位区制,0.00025446337318177684,低位区制,0.0,True
2012-03-31,M0000612,CPI,-0.4309956368610983,低位区制,2.5961598520190336e-05,低位区制,0.0,True
2012-04-30,M0000612,CPI,-0.1079380726071868,低位区制,0.00018727120325676076,低位区制,2.9343573038549875e-06,True
2012-05-31,M0000612,CPI,0.025136701610818435,低位区制,0.0004648251111668933,低位区制,2.988586969947841e-200,True
2012-06-30,M0000612,CPI,-0.048922663411616336,低位区制,0.0009902380429582217,低位区制,0.0,True
2012-07-31,M0000612,CPI,0.4762565364289729,低位区制,0.012262121527889087,低位区制,0.0,True
2012-08-31,M0000612,CPI,0.5513736083707804,低位区制,0.014238238862543783,低位区制,3.0746190778472407e-88,True
2012-09-30,M0000612,CPI,-0.23185778551891,低位区制,0.0004196542713613041,低位区制,0.0,True
2012-10-31,M0000612,CPI,0.08714107080859754,低位区制,0.0008690012459054403,高位区制,0.6382416421104232,True
2012-11-30,M0000612,CPI,0.03591029694154768,低位区制,0.0024900308549225037,低位区制,0.0,True
2012-12-31,M0000612,CPI,0.2891438965017351,低位区制,0.021002604418936845,低位区制,0.4664971914782797,True
2013-01-31,M0000612,CPI,-0.01591897224042392,低位区制,0.06329957670716949,低位区制,0.0,True
2013-02-28,M0000612,CPI,1.2285714222995843,高位区制,0.6857198383315722,低位区制,0.0,True
2013-03-31,M0000612,CPI,0.749775150275921,高位区制,0.641641792536429,低位区制,0.0,True
2013-04-30,M0000612,CPI,0.4939578038905965,低位区制,0.3853052392179918,低位区制,0.0,True
2013-05-31,M0000612,CPI,0.07035983962066958,低位区制,0.07603851460783705,低位区制,0.0,True
2013-06-30,M0000612,CPI,0.4203505714969472,低位区制,0.044033004769232935,低位区制,2.0551794291725576e-73,True
2013-07-31,M0000612,CPI,0.26866882981373963,低位区制,0.013298363556161798,低位区制,0.0,True
2013-08-31,M0000612,CPI,-0.19612606978837804,低位区制,0.0006831407975486281,低位区制,0.0,True
2013-09-30,M0000612,CPI,0.36515444937263125,低位区制,0.0030346911619802833,低位区制,0.0,True
2013-10-31,M0000612,CPI,-0.1371562557565581,低位区制,0.0008821595113495343,低位区制,0.0,True
2013-11-30,M0000612,CPI,0.5718259072308656,低位区制,0.012031239098943748,低位区制,0.0,True
2013-12-31,M0000612,CPI,0.2037196261932058,低位区制,0.006737763437792203,低位区制,0.0,True
2014-01-31,M0000612,CPI,0.5169397894443057,低位区制,0.009335447730875374,低位区制,1.3226310357224176e-56,True
2014-02-28,M0000612,CPI,-0.4350521537758188,低位区制,7.64685922560819e-05,低位区制,0.0,True
2014-03-31,M0000612,CPI,-0.17770632025366728,低位区制,0.00011364033838951254,低位区制,2.7244660217096733e-72,True
2014-04-30,M0000612,CPI,-0.38433623421346896,低位区制,3.310266148731054e-05,低位区制,0.0,True
2014-05-31,M0000612,CPI,-0.16817608057641067,低位区制,0.00011918478449517523,低位区制,4.271246219543083e-129,True
2014-06-30,M0000612,CPI,-0.3706391570015658,低位区制,3.605546995400426e-05,低位区制,0.0,True
2014-07-31,M0000612,CPI,-0.2064042158879205,低位区制,0.000114922355939931,低位区制,1.4538825548160235e-250,True
2014-08-31,M0000612,CPI,0.17005201233902703,低位区制,0.000934293139409664,低位区制,9.06617090103212e-39,True
2014-09-30,M0000612,CPI,0.0017316247436155452,低位区制,0.00046690020288604555,低位区制,0.0,True
2014-10-31,M0000612,CPI,0.1741133619502817,低位区制,0.000943113182698159,低位区制,6.103567637318319e-76,True
2014-11-30,M0000612,CPI,-0.3587756554257574,低位区制,4.753778188157651e-05,低位区制,0.0,True
2014-12-31,M0000612,CPI,-0.05854768742080729,低位区制,0.00022711618195799568,低位区制,4.7042778461626294e-11,True
2015-01-31,M0000612,CPI,-0.9677782993019436,低位区制,7.278007412118516e-07,低位区制,0.0,True
2015-02-28,M0000612,CPI,-0.5165176031230193,低位区制,1.365892682989095e-05,高位区制,0.7887277602060752,True
2015-03-31,M0000612,CPI,-0.5518321598023459,低位区制,1.139018245958245e-05,低位区制,0.0,True
2015-04-30,M0000612,CPI,-0.10295702930699432,低位区制,0.00018339586770884465,低位区制,3.777960990025693e-47,True
2015-05-31,M0000612,CPI,-0.06058524471308108,低位区制,0.0002476963270025991,低位区制,0.0,True
2015-06-30,M0000612,CPI,-0.032776919461513176,低位区制,0.0003065556087193855,低位区制,0.0,True
2015-07-31,M0000612,CPI,0.040582674511924544,低位区制,0.00048574503628953707,低位区制,0.0,True
2015-08-31,M0000612,CPI,0.040632696950877276,低位区制,0.0006275875809844434,低位区制,0.0,True
2015-09-30,M0000612,CPI,0.2997247649919823,低位区制,0.0019155870117437178,高位区制,0.7766471615847785,True
2015-10-31,M0000612,CPI,-0.3441324786841674,低位区制,5.939270295214303e-05,低位区制,0.0,True
2015-11-30,M0000612,CPI,-0.33513693421113633,低位区制,4.3324516370251564e-05,低位区制,0.0,True
2015-12-31,M0000612,CPI,-0.4558110461043499,低位区制,2.2576799252664227e-05,低位区制,0.0,True
2016-01-31,M0000612,CPI,0.03092172094228013,低位区制,0.00048014727638404135,低位区制,1.752480251744038e-142,True
2016-02-29,M0000612,CPI,0.20172520026593638,低位区制,0.0011819452699389605,低位区制,7.543711252279143e-70,True
2016-03-31,M0000612,CPI,0.014204080219018186,低位区制,0.00044346922795296265,低位区制,0.0,True
2016-04-30,M0000612,CPI,-0.23278746113776994,低位区制,9.47729322992564e-05,低位区制,0.0,True
2016-05-31,M0000612,CPI,-0.04543449805294041,低位区制,0.0003292219468146532,低位区制,7.161957556298801e-130,True
2016-06-30,M0000612,CPI,0.23760160016941273,低位区制,0.0014295838137116262,高位区制,0.6738601994175648,True
2016-07-31,M0000612,CPI,0.05768721636953114,低位区制,0.0005831957617185727,低位区制,0.0,True
2016-08-31,M0000612,CPI,-0.4267766726644084,低位区制,2.7743392003616293e-05,低位区制,0.0,True
2016-09-30,M0000612,CPI,-0.3124303907933462,低位区制,4.942060753239647e-05,低位区制,0.0,True
2016-10-31,M0000612,CPI,-0.46068712058315797,低位区制,1.988530426896341e-05,低位区制,0.0,True
2016-11-30,M0000612,CPI,-0.3066975601031485,低位区制,5.2239497505821464e-05,低位区制,0.0,True
2016-12-31,M0000612,CPI,-0.24857791807294227,低位区制,0.00011320660873140126,低位区制,0.0,True
2017-01-31,M0000612,CPI,0.3490352926003789,低位区制,0.0022907324752813193,低位区制,0.0,True
2017-02-28,M0000612,CPI,-0.45685146562562096,低位区制,3.119178877519228e-05,低位区制,0.0,True
2017-03-31,M0000612,CPI,-0.3790993713235089,低位区制,3.4354667605499674e-05,低位区制,0.0,True
2017-04-30,M0000612,CPI,-0.06256250700117688,低位区制,0.00022310195427918938,低位区制,7.146553240640772e-05,True
2017-05-31,M0000612,CPI,-0.35892408190151853,低位区制,3.871798079177464e-05,低位区制,0.0,True
2017-06-30,M0000612,CPI,-0.6072483789193044,低位区制,7.682116241162605e-06,低位区制,0.0,True
2017-07-31,M0000612,CPI,-0.7771987285930746,低位区制,2.5487968306890903e-06,低位区制,0.0,True
2017-08-31,M0000612,CPI,-0.2321522359354415,低位区制,8.412643839861098e-05,低位区制,3.5716277294265445e-137,True
2017-09-30,M0000612,CPI,-0.5604226546311841,低位区制,0.00022656487642174974,低位区制,0.0,True
2017-10-31,M0000612,CPI,0.7636618124554727,低位区制,0.08468289776172616,低位区制,0.0,True
2017-11-30,M0000612,CPI,0.6553667600992108,低位区制,0.08130303836409167,低位区制,0.0,True
2017-12-31,M0000612,CPI,0.28886839921640106,低位区制,0.024591754985851505,低位区制,0.0,True
2018-01-31,M0000612,CPI,-0.6008475478223284,低位区制,7.235259618596595e-05,低位区制,0.0,True
2018-02-28,M0000612,CPI,0.22747938115317706,低位区制,0.0012741734341445573,低位区制,0.0,True
2018-03-31,M0000612,CPI,0.030188765225737154,低位区制,0.0004899706188597417,低位区制,0.0,True
2018-04-30,M0000612,CPI,-0.2972598176031638,低位区制,6.148022489899491e-05,低位区制,0.0,True
2018-05-31,M0000612,CPI,-0.1901456459306616,低位区制,0.00010595173416986863,低位区制,0.0,True
2018-06-30,M0000612,CPI,-0.28144205460934685,低位区制,6.767356036329845e-05,低位区制,0.0,True
2018-07-31,M0000612,CPI,0.03696287591880823,低位区制,0.00048679119885820506,高位区制,0.7452445969848682,True
2018-08-31,M0000612,CPI,0.07831980355366419,低位区制,0.001013887327891183,低位区制,0.0,True
2018-09-30,M0000612,CPI,0.4336983440838216,低位区制,0.004005725031992111,低位区制,1.709639013032295e-84,True
2018-10-31,M0000612,CPI,-0.5327181398853169,低位区制,2.486344091027846e-05,低位区制,0.0,True
2018-11-30,M0000612,CPI,-0.2074707636031132,低位区制,0.00010471354453040013,低位区制,2.7956308449137063e-16,True
2018-12-31,M0000612,CPI,0.04228651220884301,低位区制,0.0005212232500858193,低位区制,4.825556252709031e-28,True
2019-01-31,M0000612,CPI,0.21278336403126,低位区制,0.001185187100500233,低位区制,4.340110783084202e-67,True
2019-02-28,M0000612,CPI,-0.27379451454711595,低位区制,8.363283755043603e-05,低位区制,0.0,True
2019-03-31,M0000612,CPI,-0.08074602094705685,低位区制,0.00021575270508603675,低位区制,1.1513765880434842e-133,True
2019-04-30,M0000612,CPI,-0.08914903441248259,低位区制,0.00031694895488436223,低位区制,0.0,True
2019-05-31,M0000612,CPI,-0.045023629927321396,低位区制,0.002623535937890846,低位区制,0.0,True
2019-06-30,M0000612,CPI,0.05784149424591645,低位区制,0.04048029560852095,低位区制,6.343144742171159e-250,True
2019-07-31,M0000612,CPI,0.41434938819556216,低位区制,0.3899781316637845,低位区制,5.4609342842749535e-80,True
2019-08-31,M0000612,CPI,0.67941967816105,高位区制,0.8362745669356162,低位区制,7.305413699993476e-46,True
2019-09-30,M0000612,CPI,0.8574091093915963,高位区制,0.9799463710952442,低位区制,8.222350632790633e-12,True
2019-10-31,M0000612,CPI,1.2556993484000012,高位区制,0.99945712189833,低位区制,0.0,True
2019-11-30,M0000612,CPI,0.9596944153098454,高位区制,0.999524978977004,低位区制,0.0,True
2019-12-31,M0000612,CPI,0.7133321249282388,高位区制,0.9987490023064945,低位区制,0.0,True
2020-01-31,M0000612,CPI,1.157743414392531,高位区制,0.9997971482238559,低位区制,0.0,True
2020-02-29,M0000612,CPI,1.3442466782365452,高位区制,0.9991995121895957,低位区制,1.8037224401747137e-153,True
2020-03-31,M0000612,CPI,0.9092458900943895,高位区制,0.9487734561882197,低位区制,0.0,True
2020-04-30,M0000612,CPI,0.44469337829654465,低位区制,0.4625348095569264,低位区制,0.0,True
2020-05-31,M0000612,CPI,-0.14059253709081862,低位区制,0.015260610880451981,低位区制,0.0,True
2020-06-30,M0000612,CPI,-0.5888081268877776,低位区制,4.0411909614152206e-05,低位区制,0.0,True
2020-07-31,M0000612,CPI,-0.9140917820184176,低位区制,1.0021813655351814e-06,低位区制,0.0,True
2020-08-31,M0000612,CPI,-0.8483893026094896,低位区制,1.5481448285053661e-06,低位区制,0.0,True
2020-09-30,M0000612,CPI,-1.4141287323722884,低位区制,2.879221793620494e-08,低位区制,0.0,True
2020-10-31,M0000612,CPI,-1.7027587493526943,低位区制,3.29329782064345e-09,低位区制,0.0,True
2020-11-30,M0000612,CPI,-1.4412056585573123,低位区制,2.432650680336292e-08,低位区制,0.0,True
2020-12-31,M0000612,CPI,-0.1588432663581939,低位区制,0.00013046976936278892,低位区制,0.0,True
2021-01-31,M0000612,CPI,-0.06702063011998649,低位区制,0.00022070568147981948,低位区制,0.0,True
2021-02-28,M0000612,CPI,-0.564580858428767,低位区制,1.0554879985337651e-05,低位区制,0.0,True
2021-03-31,M0000612,CPI,-0.8865996087543249,低位区制,1.212417236014947e-06,低位区制,0.0,True
2021-04-30,M0000612,CPI,-0.6891133128042011,低位区制,4.681010384372667e-05,低位区制,0.0,True
2021-05-31,M0000612,CPI,0.06220139845077327,低位区制,0.038932522727855405,低位区制,0.0,True
2021-06-30,M0000612,CPI,0.7596695152194028,低位区制,0.3867422963921897,低位区制,0.0,True
2021-07-31,M0000612,CPI,1.1411203731220054,低位区制,0.44799260125547946,低位区制,0.0,True
2021-08-31,M0000612,CPI,0.110003524024741,低位区制,0.05854069284122243,低位区制,0.0,True
2021-09-30,M0000612,CPI,-0.20722308532319256,低位区制,0.001498920467400933,低位区制,0.0,True
2021-10-31,M0000612,CPI,-0.014454904244748878,低位区制,0.0004496454076435545,低位区制,3.9104311093074003e-109,True
2021-11-30,M0000612,CPI,0.12318536711915914,低位区制,0.0007019855935240984,低位区制,2.710513920956317e-147,True
2021-12-31,M0000612,CPI,-0.7722774756609846,低位区制,3.016872254194083e-06,低位区制,0.0,True
2022-01-31,M0000612,CPI,-1.2009593701387182,低位区制,1.3478523895172443e-07,低位区制,0.0,True
2022-02-28,M0000612,CPI,-0.7786746907626925,低位区制,2.627960849540898e-06,低位区制,1.0054246043246613e-44,True
2022-03-31,M0000612,CPI,-0.1527537177651283,低位区制,0.00026474515207735775,低位区制,0.0,True
2022-04-30,M0000612,CPI,0.3806072230006722,低位区制,0.004471714538776299,低位区制,0.0,True
2022-05-31,M0000612,CPI,0.36505241505208724,低位区制,0.0043383396571218084,低位区制,0.0,True
2022-06-30,M0000612,CPI,-0.027003002967812134,低位区制,0.0005459524289947654,低位区制,0.0,True
2022-07-31,M0000612,CPI,-0.5446538102242793,低位区制,6.78055363481689e-05,低位区制,0.0,True
2022-08-31,M0000612,CPI,0.008288173760034684,低位区制,0.017545606512010776,低位区制,2.6947939343222425e-269,True
2022-09-30,M0000612,CPI,0.992827627068865,低位区制,0.22932957856151553,低位区制,0.0,True
2022-10-31,M0000612,CPI,0.7144718799443092,低位区制,0.19269745087687462,低位区制,0.0,True
2022-11-30,M0000612,CPI,-0.32450499496304075,低位区制,0.0021555021625238448,低位区制,0.0,True
2022-12-31,M0000612,CPI,-0.8123340925236842,低位区制,3.0170321757142974e-06,低位区制,0.0,True
2023-01-31,M0000612,CPI,-0.5347337129793038,低位区制,1.2134247032413728e-05,低位区制,2.2212997291143437e-172,True
2023-02-28,M0000612,CPI,-1.0637150340630255,低位区制,3.550140045133757e-07,低位区制,0.0,True
2023-03-31,M0000612,CPI,-1.169642072112251,低位区制,1.681488731197067e-07,低位区制,0.0,True
2023-04-30,M0000612,CPI,-1.2709900066829196,低位区制,8.153911007766129e-08,低位区制,0.0,True
2023-05-31,M0000612,CPI,-1.2469314126908397,低位区制,9.694873381342469e-08,低位区制,0.0,True
2023-06-30,M0000612,CPI,-0.8707273610432973,低位区制,1.3327103647626391e-06,低位区制,1.3303501033396958e-135,True
2023-07-31,M0000612,CPI,-0.6894910648597581,低位区制,4.457991363545519e-06,低位区制,0.0,True
2023-08-31,M0000612,CPI,-0.6588026768781696,低位区制,5.4464822949847035e-06,低位区制,0.0,True
2023-09-30,M0000612,CPI,-1.238062347428068,低位区制,1.0349584690764783e-07,低位区制,0.0,True
2023-10-31,M0000612,CPI,-0.7330288694538533,低位区制,3.350435566513961e-06,高位区制,0.7767030252572898,True
2023-11-30,M0000612,CPI,-0.5539981353420181,低位区制,1.100415856159024e-05,低位区制,0.0,True
2023-12-31,M0000612,CPI,-0.1847973719657503,低位区制,0.00010643069741995509,高位区制,0.7226629234810499,True
2024-01-31,M0000612,CPI,-0.9171917719774774,低位区制,1.0178797157188405e-06,低位区制,0.0,True
2024-02-29,M0000612,CPI,-0.21681011101380598,低位区制,8.785555131985494e-05,低位区制,0.0,True
2024-03-31,M0000612,CPI,-0.4995527887268517,低位区制,1.5514422563234045e-05,低位区制,0.0,True
2024-04-30,M0000612,CPI,-0.6666507622517752,低位区制,5.192439558401943e-06,低位区制,0.0,True
2024-05-31,M0000612,CPI,-0.7308627302647901,低位区制,3.3984149885088797e-06,低位区制,0.0,True
2024-06-30,M0000612,CPI,-0.6601695802971697,低位区制,5.528224917144395e-06,低位区制,0.0,True
2024-07-31,M0000612,CPI,-0.19633190752907737,低位区制,0.00010011975479087606,低位区制,1.5679249316689639e-40,True
2024-08-31,M0000612,CPI,-0.3465092312013126,低位区制,4.126929798535023e-05,低位区制,0.0,True
2024-09-30,M0000612,CPI,-0.24873856573990605,低位区制,7.282875915578058e-05,低位区制,0.0,True
2024-10-31,M0000612,CPI,-1.3423221815308604,低位区制,4.953120981492305e-08,低位区制,0.0,True
2024-11-30,M0000612,CPI,-1.056017594660768,低位区制,3.7348138178245e-07,低位区制,0.0,True
2024-12-31,M0000612,CPI,-1.07644605468782,低位区制,3.249381444515351e-07,低位区制,0.0,True
2025-01-31,M0000612,CPI,-0.5220001716216889,低位区制,1.3152458933927975e-05,低位区制,2.394356669904836e-55,True
2025-02-28,M0000612,CPI,-1.2342910363637056,低位区制,1.0645043669499204e-07,低位区制,0.0,True
2025-03-31,M0000612,CPI,-1.053169400659553,低位区制,3.809525033441389e-07,低位区制,0.0,True
2025-04-30,M0000612,CPI,-1.1437672844761106,低位区制,2.0193810659421996e-07,低位区制,0.0,True
2025-05-31,M0000612,CPI,-0.9806889009607399,低位区制,6.296602407954394e-07,低位区制,0.0,True
2025-06-30,M0000612,CPI,-0.6914383630864329,低位区制,4.399648160373588e-06,低位区制,9.577736863848949e-224,True
2025-07-31,M0000612,CPI,-0.6873109695039084,低位区制,4.520667346973649e-06,低位区制,0.0,True
2025-08-31,M0000612,CPI,-0.9145342200982337,低位区制,9.901712209906913e-07,低位区制,0.0,True
2025-09-30,M0000612,CPI,-1.1784008506267807,低位区制,1.6241511297849812e-07,低位区制,0.0,True
2025-10-31,M0000612,CPI,-0.17686531314391152,低位区制,0.00011332727356736994,低位区制,0.0,True
2025-11-30,M0000612,CPI,-0.2454384877541702,低位区制,7.640221695815365e-05,低位区制,0.0,True
2025-12-31,M0000612,CPI,-0.3259130034851503,低位区制,4.580923619860422e-05,低位区制,0.0,True
2026-01-31,M0000612,CPI,-0.893374675139273,低位区制,1.1754258246396065e-06,低位区制,0.0,True
2026-02-28,M0000612,CPI,-0.25791423599642255,低位区制,7.346145196226549e-05,低位区制,9.466e-321,True
2026-03-31,M0000612,CPI,-0.35176608402634546,低位区制,0.0003202462966969017,低位区制,0.0,True
2006-01-31,M0017126,PMI,0.1548731643073978,高位区制,0.7547378981718762,高位区制,0.5344759004033431,True
2006-02-28,M0017126,PMI,0.04890572860248216,高位区制,0.8054847413447604,高位区制,0.5821474312732675,True
2006-03-31,M0017126,PMI,1.3395876139112664,高位区制,0.9999980348182581,高位区制,0.9999999997033624,True
2006-04-30,M0017126,PMI,2.532639377043838,高位区制,0.9999999999999968,高位区制,1.0000000000000016,True
2006-05-31,M0017126,PMI,1.2008872861330142,高位区制,0.9999998295156692,高位区制,0.9645046251441903,True
2006-06-30,M0017126,PMI,1.0089861307509234,高位区制,0.9999935314787813,高位区制,0.8738807197652141,True
2006-07-31,M0017126,PMI,0.3088150978024497,高位区制,0.9970564759900509,高位区制,0.8646906016162119,True
2006-08-31,M0017126,PMI,0.4229713613143143,高位区制,0.9980877230369103,高位区制,0.894079147506041,True
2006-09-30,M0017126,PMI,2.069352472750562,高位区制,0.9999999999999823,高位区制,1.0000000000000018,True
2006-10-31,M0017126,PMI,1.2107587060543985,高位区制,0.9999998536601229,高位区制,0.9408392392083973,True
2006-11-30,M0017126,PMI,1.2540473397111884,高位区制,0.9999999247867577,高位区制,0.9551518348534409,True
2006-12-31,M0017126,PMI,1.0211657984255451,高位区制,0.9999978370000626,高位区制,0.9475348244770603,True
2007-01-31,M0017126,PMI,1.302503460363637,高位区制,0.9999999510202014,高位区制,0.9966205642514011,True
2007-02-28,M0017126,PMI,0.4504585954731223,高位区制,0.999229626351344,高位区制,0.9927760333060773,True
2007-03-31,M0017126,PMI,1.5038244273171077,高位区制,0.999999998453836,高位区制,0.9999999996658915,True
2007-04-30,M0017126,PMI,2.6071188260972535,高位区制,0.9999999999999967,高位区制,0.9999999999999903,True
2007-05-31,M0017126,PMI,1.3293771343173586,高位区制,0.999999977495303,高位区制,0.8265961706977186,True
2007-06-30,M0017126,PMI,1.0522108793816476,高位区制,0.9999983463544475,高位区制,0.6257532866740055,True
2007-07-31,M0017126,PMI,0.5779890236735308,高位区制,0.9996983916405497,高位区制,0.5959130122149799,True
2007-08-31,M0017126,PMI,0.6355030405371359,高位区制,0.9998103054533932,高位区制,0.7241503554128055,True
2007-09-30,M0017126,PMI,1.553981676884671,高位区制,0.9999999993945584,高位区制,0.9999998980876925,True
2007-10-31,M0017126,PMI,0.5072752542280026,高位区制,0.999501152476915,高位区制,0.9984215083715064,True
2007-11-30,M0017126,PMI,1.2440390017443168,高位区制,0.9999998889594919,高位区制,0.9999829765856615,True
2007-12-31,M0017126,PMI,1.0284077008737147,高位区制,0.9999966488424793,高位区制,0.8505618014779441,True
2008-01-31,M0017126,PMI,0.40723137617404154,高位区制,0.9986581677332063,高位区制,0.8206861069943258,True
2008-02-29,M0017126,PMI,0.49972837719381585,高位区制,0.9991782081698406,高位区制,0.8662084438175246,True
2008-03-31,M0017126,PMI,2.3144046277890977,高位区制,0.999999999999997,高位区制,1.0000000000000013,True
2008-04-30,M0017126,PMI,2.740136173916283,高位区制,0.999999999999997,高位区制,0.9999999991870338,True
2008-05-31,M0017126,PMI,0.43767870442979195,高位区制,0.9970689539065982,高位区制,0.9999999999853464,True
2008-06-30,M0017126,PMI,0.13827892846541467,高位区制,0.9932233487528901,高位区制,0.9722841351773991,True
2008-07-31,M0017126,PMI,-1.339606264109955,高位区制,0.9998693714307715,高位区制,0.9999999999416047,True
2008-08-31,M0017126,PMI,-1.488694313190365,高位区制,0.9999679776933421,高位区制,0.9980939277947044,True
2008-09-30,M0017126,PMI,-0.13373933409197053,高位区制,0.9902355921696215,高位区制,0.9999995407778246,True
2008-10-31,M0017126,PMI,-2.771225682352046,高位区制,0.9999999999999964,高位区制,1.0000000000000016,True
2008-11-30,M0017126,PMI,-5.243254844753954,高位区制,0.999999999999997,高位区制,1.0000000000000018,True
2008-12-31,M0017126,PMI,-4.277790649816362,高位区制,0.999999999999997,高位区制,0.9992103834911041,True
2009-01-31,M0017126,PMI,-2.412294489693865,高位区制,0.9999999999993135,高位区制,0.9997004039050958,True
2009-02-28,M0017126,PMI,-1.1563178534381333,高位区制,0.9995316609929946,高位区制,0.9995338989509096,True
2009-03-31,M0017126,PMI,0.2324041162456803,高位区制,0.9967112098329515,高位区制,0.9999999877016215,True
2009-04-30,M0017126,PMI,0.9852323507816777,高位区制,0.9999902630692917,高位区制,0.9999883051148284,True
2009-05-31,M0017126,PMI,0.735708676301772,高位区制,0.9999375604683935,高位区制,0.97447877547795,True
2009-06-30,M0017126,PMI,1.2684891502167868,高位区制,0.9999999381499026,高位区制,0.9999531090118425,True
2009-07-31,M0017126,PMI,1.6627613879108964,高位区制,0.9999999999463982,高位区制,0.9999945602638237,True
2009-08-31,M0017126,PMI,1.6497506294941844,高位区制,0.9999999999306853,高位区制,0.99934562641529,True
2009-09-30,M0017126,PMI,1.85221765310438,高位区制,0.9999999999989558,高位区制,0.9999761405914994,True
2009-10-31,M0017126,PMI,2.31630403689912,高位区制,0.999999999999997,高位区制,0.9999999811727119,True
2009-11-30,M0017126,PMI,2.0281101103966797,高位区制,0.9999999999999778,高位区制,0.9982833841826184,True
2009-12-31,M0017126,PMI,2.2932498246804047,高位区制,0.9999999999999971,高位区制,0.9999979578078645,True
2010-01-31,M0017126,PMI,1.8291524228616685,高位区制,0.9999999999951805,高位区制,0.9900850919656009,True
2010-02-28,M0017126,PMI,0.20500780909721694,高位区制,0.9965662812169096,高位区制,0.9999993347990342,True
2010-03-31,M0017126,PMI,1.3185971786228619,高位区制,0.9999999247128177,高位区制,0.9999999995925245,True
2010-04-30,M0017126,PMI,1.534789236686371,高位区制,0.9999999986497828,高位区制,0.9954088821447321,True
2010-05-31,M0017126,PMI,0.8241686055843561,高位区制,0.9977837055885413,高位区制,0.7666295615890342,True
2010-06-30,M0017126,PMI,0.0923406143188078,高位区制,0.824309457294162,高位区制,0.7354392761088584,True
2010-07-31,M0017126,PMI,-0.2926427377209802,高位区制,0.7709893409590826,高位区制,0.6984532652906825,True
2010-08-31,M0017126,PMI,-0.17888448719430627,高位区制,0.794419674416692,高位区制,0.7249330348057728,True
2010-09-30,M0017126,PMI,0.6017697703878485,高位区制,0.9780134667273412,高位区制,0.9990592570482824,True
2010-10-31,M0017126,PMI,1.1480779835550226,高位区制,0.9999953299192874,高位区制,0.9988302110686947,True
2010-11-30,M0017126,PMI,1.13390726656205,高位区制,0.9999993695576921,高位区制,0.618223739573052,True
2010-12-31,M0017126,PMI,0.5967562936615628,高位区制,0.999278655599392,低位区制,0.1631654246214665,True
2011-01-31,M0017126,PMI,0.5294478613655239,高位区制,0.995586816229481,低位区制,0.08155455764319318,True
2011-02-28,M0017126,PMI,0.20220920067328385,高位区制,0.9800641611340413,低位区制,0.07263540398708908,True
2011-03-31,M0017126,PMI,0.6696291635682913,高位区制,0.9774655137900996,低位区制,0.13770752049176438,True
2011-04-30,M0017126,PMI,0.5430400456612838,高位区制,0.8709258555321104,低位区制,0.030656414922995333,True
2011-05-31,M0017126,PMI,0.18298366757005533,低位区制,0.3283542933967705,低位区制,0.00857285157898045,True
2011-06-30,M0017126,PMI,-0.2433943818462987,低位区制,0.05946279331920214,低位区制,0.006201519287141606,True
2011-07-31,M0017126,PMI,-0.359973566943724,低位区制,0.012100170920058407,低位区制,0.0030935660441915877,True
2011-08-31,M0017126,PMI,-0.32944890835431917,低位区制,0.0035528728858381904,低位区制,0.00486386139853479,True
2011-09-30,M0017126,PMI,-0.20073668320708893,低位区制,0.0030644360251234058,低位区制,0.021427887212427728,True
2011-10-31,M0017126,PMI,-0.5019181991467949,低位区制,0.008801194835439546,低位区制,0.11384094636327477,True
2011-11-30,M0017126,PMI,-1.0274076756768054,低位区制,0.033742516090695826,低位区制,0.32571887219857315,True
2011-12-31,M0017126,PMI,-0.46854616464007315,低位区制,0.030835097717409846,低位区制,0.27466526363006644,True
2012-01-31,M0017126,PMI,-0.29685474075290236,低位区制,0.05228437459654749,低位区制,0.26234122975430074,True
2012-02-29,M0017126,PMI,-0.1146004517077799,低位区制,0.18370099832836126,低位区制,0.39006049155970557,True
2012-03-31,M0017126,PMI,0.7232813016763739,高位区制,0.8497275283232434,高位区制,0.9988318155154651,True
2012-04-30,M0017126,PMI,0.8304095530913881,高位区制,0.8661202313997984,高位区制,0.9881377088695159,True
2012-05-31,M0017126,PMI,-0.23376602134040192,低位区制,0.15425825094942985,高位区制,0.9855502634104492,True
2012-06-30,M0017126,PMI,-0.26078435501840325,低位区制,0.02840712804128206,低位区制,0.18069833393831797,True
2012-07-31,M0017126,PMI,-0.23282513041021313,低位区制,0.006352618887408355,低位区制,0.05389265680586598,True
2012-08-31,M0017126,PMI,-0.6517224040831558,低位区制,0.002919867287704311,低位区制,0.040219892015505763,True
2012-09-30,M0017126,PMI,-0.41128135543004396,低位区制,0.0010181633526619152,低位区制,0.008781185685306154,True
2012-10-31,M0017126,PMI,-0.1984015287233944,低位区制,0.0005989069464926351,低位区制,0.0030894601987248816,True
2012-11-30,M0017126,PMI,-0.22037734129624337,低位区制,0.0005170052266130654,低位区制,0.0014390866918655063,True
2012-12-31,M0017126,PMI,-0.2524453392812395,低位区制,0.000500996893227544,低位区制,0.0012061769927965802,True
2013-01-31,M0017126,PMI,-0.19788928811392062,低位区制,0.0005160507121895439,低位区制,0.001297096591031061,True
2013-02-28,M0017126,PMI,-0.3920157799787766,低位区制,0.0005571080948315063,低位区制,0.0019230293420708037,True
2013-03-31,M0017126,PMI,-0.11588713671764926,低位区制,0.000606880939424987,低位区制,0.0023903305065546276,True
2013-04-30,M0017126,PMI,-0.03125738826043148,低位区制,0.0007385913194110911,低位区制,0.0016611262065993507,True
2013-05-31,M0017126,PMI,0.03238778471510953,低位区制,0.0008349599596684043,低位区制,0.0016346157601450607,True
2013-06-30,M0017126,PMI,-0.26069775520402755,低位区制,0.0005871185406391823,低位区制,0.0021027406324469634,True
2013-07-31,M0017126,PMI,-0.15349034586222743,低位区制,0.000690157312285002,低位区制,0.001744462126748316,True
2013-08-31,M0017126,PMI,0.0814525648678326,低位区制,0.0013172406970378692,低位区制,0.0028330708876910557,True
2013-09-30,M0017126,PMI,0.11118619813634291,低位区制,0.0019268696401027962,低位区制,0.0018786357507802078,True
2013-10-31,M0017126,PMI,0.22016930912757743,低位区制,0.002825418095568962,低位区制,0.002174515533568574,True
2013-11-30,M0017126,PMI,0.18170428319245263,低位区制,0.0023973314943725324,低位区制,0.0014578589440889399,True
2013-12-31,M0017126,PMI,0.04607580315219097,低位区制,0.0013113504627758248,低位区制,0.0011951254558858616,True
2014-01-31,M0017126,PMI,-0.1291485105338046,低位区制,0.0006965670776946879,低位区制,0.001258872491578551,True
2014-02-28,M0017126,PMI,-0.2564355477894757,低位区制,0.0005320961755243273,低位区制,0.0012707803452943153,True
2014-03-31,M0017126,PMI,-0.20498768382409122,低位区制,0.0005190745109907292,低位区制,0.0011947253136583734,True
2014-04-30,M0017126,PMI,-0.21918496092821116,低位区制,0.0005559953650054061,低位区制,0.0012507406331144161,True
2014-05-31,M0017126,PMI,-0.03748504164374247,低位区制,0.0008047121615773707,低位区制,0.001886118694174807,True
2014-06-30,M0017126,PMI,0.018516592204820326,低位区制,0.0012508638159701732,低位区制,0.001931199422146352,True
2014-07-31,M0017126,PMI,0.24629935792201868,低位区制,0.0023756422077727273,低位区制,0.0036930383498156912,True
2014-08-31,M0017126,PMI,0.03423486215945355,低位区制,0.001380642521884864,低位区制,0.001624768674600784,True
2014-09-30,M0017126,PMI,0.045492130642651354,低位区制,0.0010677991529724508,低位区制,0.0013424988607033683,True
2014-10-31,M0017126,PMI,-0.053856948397007984,低位区制,0.0007380349181981271,低位区制,0.0011921556371779392,True
2014-11-30,M0017126,PMI,-0.22978982548890337,低位区制,0.0005410435723029518,低位区制,0.0013467257294121021,True
2014-12-31,M0017126,PMI,-0.28729357392949983,低位区制,0.0005124110583976338,低位区制,0.0012373012168256396,True
2015-01-31,M0017126,PMI,-0.4049410298283992,低位区制,0.0005538551144547691,低位区制,0.0013930329295202325,True
2015-02-28,M0017126,PMI,-0.3841168160663015,低位区制,0.0005431541450607618,低位区制,0.0011749398430771722,True
2015-03-31,M0017126,PMI,-0.34553211658772676,低位区制,0.0005203412100405361,低位区制,0.0011313117067551725,True
2015-04-30,M0017126,PMI,-0.3413485195276686,低位区制,0.0005129064040277632,低位区制,0.001133089868762024,True
2015-05-31,M0017126,PMI,-0.30357609056290413,低位区制,0.0005026327383725806,低位区制,0.0011299576451096066,True
2015-06-30,M0017126,PMI,-0.3316621454466765,低位区制,0.0005115645591464186,低位区制,0.0011619490168541904,True
2015-07-31,M0017126,PMI,-0.34897856818677386,低位区制,0.0005321103186967677,低位区制,0.0011969585677121582,True
2015-08-31,M0017126,PMI,-0.4523627943671831,低位区制,0.0006033465943688943,低位区制,0.0014041966180676733,True
2015-09-30,M0017126,PMI,-0.38618089621322615,低位区制,0.0005585946565688732,低位区制,0.0011721637854657492,True
2015-10-31,M0017126,PMI,-0.36359395640342657,低位区制,0.00054817734125681,低位区制,0.0011688913830499412,True
2015-11-30,M0017126,PMI,-0.44211673637822196,低位区制,0.0006073016784063774,低位区制,0.0013436263137816685,True
2015-12-31,M0017126,PMI,-0.38851285508154637,低位区制,0.0006171805520001661,低位区制,0.00130481280008518,True
2016-01-31,M0017126,PMI,-0.5114497063086245,低位区制,0.0008521541899010489,低位区制,0.002070541189157792,True
2016-02-29,M0017126,PMI,-0.6754477768280481,低位区制,0.0012525576582830432,低位区制,0.0035806843318459385,True
2016-03-31,M0017126,PMI,-0.20738543637597567,低位区制,0.0006369883277881182,低位区制,0.0051924600635114785,True
2016-04-30,M0017126,PMI,-0.23474912304815027,低位区制,0.000521143589168782,低位区制,0.0017694290754135247,True
2016-05-31,M0017126,PMI,-0.2390625754241206,低位区制,0.0005027272048311525,低位区制,0.0012283826189302617,True
2016-06-30,M0017126,PMI,-0.26970600470972694,低位区制,0.000514580269755048,低位区制,0.001168529199477379,True
2016-07-31,M0017126,PMI,-0.28108628611452713,低位区制,0.0006119934658490324,低位区制,0.0012488252958478701,True
2016-08-31,M0017126,PMI,-0.09923460821533878,低位区制,0.0011672026247681736,低位区制,0.0018688313733623311,True
2016-09-30,M0017126,PMI,-0.0870363983813418,低位区制,0.0035423284630514843,低位区制,0.0025118710985397585,True
2016-10-31,M0017126,PMI,0.25130930042637356,低位区制,0.014875499630762921,低位区制,0.008532814111106377,True
2016-11-30,M0017126,PMI,0.3784650339699992,低位区制,0.028407910698200495,低位区制,0.0052503441707833776,True
2016-12-31,M0017126,PMI,0.27273362640217286,低位区制,0.03169810778604859,低位区制,0.0020643344604444154,True
2017-01-31,M0017126,PMI,0.26700685156112147,低位区制,0.03529269574565286,低位区制,0.0019095332877943948,True
2017-02-28,M0017126,PMI,0.3208463321871809,低位区制,0.03998174522394351,低位区制,0.002452012659700613,True
2017-03-31,M0017126,PMI,0.4080996040047501,低位区制,0.04061853640086782,低位区制,0.0028944158839786078,True
2017-04-30,M0017126,PMI,0.15488230501702382,低位区制,0.02662581564981498,低位区制,0.0015652258060141542,True
2017-05-31,M0017126,PMI,0.15566433102097146,低位区制,0.022858274751095635,低位区制,0.0018036390080749653,True
2017-06-30,M0017126,PMI,0.31684107630474356,低位区制,0.026508661660623566,低位区制,0.0032790897539321743,True
2017-07-31,M0017126,PMI,0.14517438291218027,低位区制,0.026446452414890513,低位区制,0.0021107409223739995,True
2017-08-31,M0017126,PMI,0.2771708356161932,低位区制,0.03590247015340199,低位区制,0.004736333033926314,True
2017-09-30,M0017126,PMI,0.5123321994683738,低位区制,0.04602976528056873,低位区制,0.009018690206900267,True
2017-10-31,M0017126,PMI,0.16404128608894528,低位区制,0.02472945006939314,低位区制,0.0030405097866762674,True
2017-11-30,M0017126,PMI,0.24357115434965182,低位区制,0.015606980616858501,低位区制,0.002416437477118907,True
2017-12-31,M0017126,PMI,0.20300967954125212,低位区制,0.008276942164557688,低位区制,0.0018687837048617893,True
2018-01-31,M0017126,PMI,0.07869675168406928,低位区制,0.0032845178575897057,低位区制,0.0030424737642916703,True
2018-02-28,M0017126,PMI,-0.3427368632330024,低位区制,0.00140273877010683,低位区制,0.012410050431412446,True
2018-03-31,M0017126,PMI,0.15788669163152394,低位区制,0.0020542825178012274,低位区制,0.02284763433027775,True
2018-04-30,M0017126,PMI,0.11159943214024923,低位区制,0.002242118827446583,低位区制,0.005436221781104478,True
2018-05-31,M0017126,PMI,0.23637266835722923,低位区制,0.0029900669171554453,低位区制,0.0032643151503341937,True
2018-06-30,M0017126,PMI,0.1363310230299511,低位区制,0.0020767492704712497,低位区制,0.0014987249117170455,True
2018-07-31,M0017126,PMI,0.00798050947770691,低位区制,0.0011779262933371399,低位区制,0.0011998885424699473,True
2018-08-31,M0017126,PMI,0.00994835711045721,低位区制,0.0009003882130928487,低位区制,0.001238610376079218,True
2018-09-30,M0017126,PMI,-0.11979435843823431,低位区制,0.0006355218480045497,低位区制,0.0012577321348232887,True
2018-10-31,M0017126,PMI,-0.30993175870071815,低位区制,0.0005651584227205456,低位区制,0.0016382354926832282,True
2018-11-30,M0017126,PMI,-0.42898281353018985,低位区制,0.0007374835313704502,低位区制,0.001911894109915112,True
2018-12-31,M0017126,PMI,-0.654141390321072,低位区制,0.0013473670270031754,低位区制,0.0033074992624636144,True
2019-01-31,M0017126,PMI,-0.575738159165444,低位区制,0.0013656447432158659,低位区制,0.0021826785938741083,True
2019-02-28,M0017126,PMI,-0.7397472426847062,低位区制,0.0018606218268808056,低位区制,0.0048394180373880664,True
2019-03-31,M0017126,PMI,-0.21692615032011425,低位区制,0.0007811754622716013,低位区制,0.008112930623262812,True
2019-04-30,M0017126,PMI,-0.40231432602069345,低位区制,0.0007145756425841635,低位区制,0.0037317857984512427,True
2019-05-31,M0017126,PMI,-0.6265341667806181,低位区制,0.001123240996608088,低位区制,0.0034999015267864167,True
2019-06-30,M0017126,PMI,-0.5765231016995321,低位区制,0.001004499664004235,低位区制,0.0015804854713670647,True
2019-07-31,M0017126,PMI,-0.45749327434851006,低位区制,0.0007427428192689894,低位区制,0.0012315619939735744,True
2019-08-31,M0017126,PMI,-0.48112375446517286,低位区制,0.0007409871146630847,低位区制,0.0013424571720741993,True
2019-09-30,M0017126,PMI,-0.33653881947633346,低位区制,0.000837980140674298,低位区制,0.0017066497176199049,True
2019-10-31,M0017126,PMI,-0.5075638403145537,低位区制,0.0020910306164505445,低位区制,0.004052380599046984,True
2019-11-30,M0017126,PMI,-0.19251560530102096,低位区制,0.006767054873185864,低位区制,0.010735983498560225,True
2019-12-31,M0017126,PMI,-0.19067289480636013,低位区制,0.03337132211955354,低位区制,0.030595681322813588,True
2020-01-31,M0017126,PMI,-0.20265364167641226,低位区制,0.18046692475338438,低位区制,0.16255786403392236,True
2020-02-29,M0017126,PMI,-5.722124521847296,高位区制,0.9999999999999988,高位区制,1.0000000000000016,True
2020-03-31,M0017126,PMI,0.4927004533852394,高位区制,0.8912048304820945,高位区制,1.0000000000000013,True
2020-04-30,M0017126,PMI,0.08040485395544109,高位区制,0.523934945396102,低位区制,0.23939426429809846,True
2020-05-31,M0017126,PMI,-0.006442342613761226,低位区制,0.4077746542208431,低位区制,0.05608810193701874,True
2020-06-30,M0017126,PMI,0.11223673774490943,低位区制,0.39280139934558383,低位区制,0.03041484618394928,True
2020-07-31,M0017126,PMI,0.16161659569920145,低位区制,0.4219940524392775,低位区制,0.03458135714366384,True
2020-08-31,M0017126,PMI,0.09637843070190101,高位区制,0.5061826895606885,低位区制,0.08646465985531704,True
2020-09-30,M0017126,PMI,0.3312380482895883,高位区制,0.7633103908514052,低位区制,0.4133902074616218,True
2020-10-31,M0017126,PMI,0.9438652053032678,高位区制,0.9987052305605889,高位区制,0.932812238208518,True
2020-11-30,M0017126,PMI,0.5211623663842703,高位区制,0.9979580689406,高位区制,0.7705888443069662,True
2020-12-31,M0017126,PMI,0.27118919347042764,高位区制,0.9941887654578218,高位区制,0.778589813537456,True
2021-01-31,M0017126,PMI,0.9680928213729229,高位区制,0.9958877687011882,高位区制,0.9997662293212839,True
2021-02-28,M0017126,PMI,-0.1989706879007328,低位区制,0.32532134167775517,高位区制,0.9996574523856515,True
2021-03-31,M0017126,PMI,0.3474755778932731,低位区制,0.20688243097631345,高位区制,0.8936885624230895,True
2021-04-30,M0017126,PMI,0.059169650946037836,低位区制,0.059266754809073584,低位区制,0.15984585494743606,True
2021-05-31,M0017126,PMI,-0.017048144888611894,低位区制,0.014447484941046857,低位区制,0.02650557345106102,True
2021-06-30,M0017126,PMI,-0.0656493162171086,低位区制,0.003529583567297935,低位区制,0.00547551475706416,True
2021-07-31,M0017126,PMI,-0.28006047647753457,低位区制,0.0010845334721986811,低位区制,0.002566334588237171,True
2021-08-31,M0017126,PMI,-0.41766836472268,低位区制,0.000792965982290341,低位区制,0.0019810167732422067,True
2021-09-30,M0017126,PMI,-0.5662169952533211,低位区制,0.00112299604764578,低位区制,0.002386471379807887,True
2021-10-31,M0017126,PMI,-0.719395017871617,低位区制,0.0016571202152294675,低位区制,0.0028992201640874954,True
2021-11-30,M0017126,PMI,-0.42876911749961216,低位区制,0.000848805331648256,低位区制,0.0020712175887830004,True
2021-12-31,M0017126,PMI,-0.29688175289442903,低位区制,0.0007903029177746749,低位区制,0.0025667515305658264,True
2022-01-31,M0017126,PMI,-0.3136114406713024,低位区制,0.001772737927487024,低位区制,0.008154544853332227,True
2022-02-28,M0017126,PMI,-0.3465502178734762,低位区制,0.007503589156205533,低位区制,0.04400339386917742,True
2022-03-31,M0017126,PMI,-0.5460606853803281,低位区制,0.03897800777321829,低位区制,0.2634026252678639,True
2022-04-30,M0017126,PMI,-1.3236903871238028,低位区制,0.15747414908748683,高位区制,0.9945262726930648,True
2022-05-31,M0017126,PMI,-0.45720324961035813,低位区制,0.04000612280118174,高位区制,0.9468525539144741,True
2022-06-30,M0017126,PMI,-0.18083366696606384,低位区制,0.015586377628248762,高位区制,0.7031367368328747,True
2022-07-31,M0017126,PMI,-0.6672784193127859,低位区制,0.01458484187881284,高位区制,0.6540564593538251,True
2022-08-31,M0017126,PMI,-0.5077811089577534,低位区制,0.01985042373661227,高位区制,0.5207129764615055,True
2022-09-30,M0017126,PMI,-0.20355981466027276,低位区制,0.050648195690698186,高位区制,0.5534642885026068,True
2022-10-31,M0017126,PMI,-0.5967660815063991,低位区制,0.226065738099618,高位区制,0.7394186600578578,True
2022-11-30,M0017126,PMI,-1.0332739425803805,高位区制,0.792704390033166,高位区制,0.9498550279347634,True
2022-12-31,M0017126,PMI,-1.2951768336920932,高位区制,0.9472253730520939,高位区制,0.9868533925516689,True
2023-01-31,M0017126,PMI,-0.21625297297294355,高位区制,0.9277673972712082,高位区制,0.9998887307768225,True
2023-02-28,M0017126,PMI,0.7109427493766234,高位区制,0.9558780556264556,高位区制,0.9999958535297677,True
2023-03-31,M0017126,PMI,0.6296726393058458,高位区制,0.9000575559062854,高位区制,0.9806858688340916,True
2023-04-30,M0017126,PMI,-0.5234192812480322,低位区制,0.28008042602251976,高位区制,0.9986171223527902,True
2023-05-31,M0017126,PMI,-0.7554656700697692,低位区制,0.12739048298138836,低位区制,0.3878335434281701,True
2023-06-30,M0017126,PMI,-0.5726336146956331,低位区制,0.03395523993051735,低位区制,0.06339173711842802,True
2023-07-31,M0017126,PMI,-0.40857962943417264,低位区制,0.0069892386059524515,低位区制,0.011840665436384437,True
2023-08-31,M0017126,PMI,-0.24354745698693447,低位区制,0.001677007087807335,低位区制,0.0035025861078392733,True
2023-09-30,M0017126,PMI,-0.15837562502014663,低位区制,0.0007996885068974385,低位区制,0.00231165756409291,True
2023-10-31,M0017126,PMI,-0.5143506886461516,低位区制,0.000803003271707274,低位区制,0.0046862352916725285,True
2023-11-30,M0017126,PMI,-0.4571389841737882,低位区制,0.0008139988959908952,低位区制,0.002302605636167885,True
2023-12-31,M0017126,PMI,-0.6183335589452448,低位区制,0.00128543437431515,低位区制,0.004216678433136265,True
2024-01-31,M0017126,PMI,-0.642708583972998,低位区制,0.001583411445594004,低位区制,0.008646461061413625,True
2024-02-29,M0017126,PMI,-0.6727023881346974,低位区制,0.001727851299994007,低位区制,0.03399226453600683,True
2024-03-31,M0017126,PMI,0.1011168734750301,低位区制,0.001388474907217141,低位区制,0.1562675574449089,True
2024-04-30,M0017126,PMI,-0.04993037448893589,低位区制,0.0008351810517206711,低位区制,0.03415710839430718,True
2024-05-31,M0017126,PMI,-0.42865291210541284,低位区制,0.0006487639432613166,低位区制,0.01659588352824512,True
2024-06-30,M0017126,PMI,-0.4110213808810073,低位区制,0.0006112205678801622,低位区制,0.0037396044167996626,True
2024-07-31,M0017126,PMI,-0.45631024654897473,低位区制,0.0006849724167970123,低位区制,0.0018773233307486977,True
2024-08-31,M0017126,PMI,-0.5832153914785948,低位区制,0.0008645480389341807,低位区制,0.0020621223014652065,True
2024-09-30,M0017126,PMI,-0.28630025355897143,低位区制,0.0005653494322821827,低位区制,0.001997903394777653,True
2024-10-31,M0017126,PMI,-0.1665524618363502,低位区制,0.0005383348674297652,低位区制,0.0014594640729576084,True
2024-11-30,M0017126,PMI,-0.14928998855260517,低位区制,0.0005438837634822922,低位区制,0.0012951265744162918,True
2024-12-31,M0017126,PMI,-0.23038709749954295,低位区制,0.0005484255188784709,低位区制,0.0017388163089460218,True
2025-01-31,M0017126,PMI,-0.5449698784202369,低位区制,0.0007483373604834379,低位区制,0.004605805753732707,True
2025-02-28,M0017126,PMI,-0.2137085414666926,低位区制,0.0005766450483736651,低位区制,0.004228871141754256,True
2025-03-31,M0017126,PMI,-0.08053699850204243,低位区制,0.0006777938840594213,低位区制,0.005070391887653427,True
2025-04-30,M0017126,PMI,-0.5885553968849713,低位区制,0.000901245025771463,低位区制,0.015275567401285082,True
2025-05-31,M0017126,PMI,-0.4306891862967863,低位区制,0.0006603830186279558,低位区制,0.003498549613758558,True
2025-06-30,M0017126,PMI,-0.37148909197806773,低位区制,0.0005956569971053635,低位区制,0.001622549345484288,True
2025-07-31,M0017126,PMI,-0.5139405805237985,低位区制,0.0007406009036019551,低位区制,0.001853059255738603,True
2025-08-31,M0017126,PMI,-0.502692592989223,低位区制,0.0007464722159622615,低位区制,0.001678965590268014,True
2025-09-30,M0017126,PMI,-0.3143687735939941,低位区制,0.0007114985486277024,低位区制,0.003299847401958992,True
2025-10-31,M0017126,PMI,-0.6779482463296662,低位区制,0.0014301280702384777,低位区制,0.012028691541874918,True
2025-11-30,M0017126,PMI,-0.6222771398286588,低位区制,0.0012938178550798757,低位区制,0.011840695009508649,True
2025-12-31,M0017126,PMI,-0.14517109003152412,低位区制,0.0009319006676298139,低位区制,0.037705336611046344,True
2026-01-31,M0017126,PMI,-0.5199258426040255,低位区制,0.001734206149544394,低位区制,0.06418445586037547,True
2026-02-28,M0017126,PMI,-0.6765980846730935,低位区制,0.004726123789426323,低位区制,0.1012237677077498,True
2026-03-31,M0017126,PMI,-0.03996062374335729,低位区制,0.010350237335467291,低位区制,0.23051815979501153,True
2006-01-31,M0000545,工业增加值,0.18196486905701936,高位区制,0.8737915844209553,高位区制,0.6085097372962697,True
2006-02-28,M0000545,工业增加值,1.1306238659240626,高位区制,0.9999999995072012,高位区制,0.9999848436853505,True
2006-03-31,M0000545,工业增加值,0.7927751264800245,高位区制,0.9999993158581448,低位区制,0.08550688520999533,True
2006-04-30,M0000545,工业增加值,0.6262487840872387,高位区制,0.9999729414567204,低位区制,0.016868136628384576,True
2006-05-31,M0000545,工业增加值,0.8082997574301908,高位区制,0.999999530950579,低位区制,0.05528800811589622,True
2006-06-30,M0000545,工业增加值,1.0482519218220603,高位区制,0.9999999993498682,低位区制,0.10293904853579344,True
2006-07-31,M0000545,工业增加值,0.6384134967285329,高位区制,0.9999782802038295,低位区制,0.01980235034005049,True
2006-08-31,M0000545,工业增加值,0.48357689144880983,高位区制,0.9996289508610887,低位区制,0.007354490559916675,True
2006-09-30,M0000545,工业增加值,0.6324542494757486,高位区制,0.9999669762096272,低位区制,0.016568971406151115,True
2006-10-31,M0000545,工业增加值,0.3341651732206874,高位区制,0.9951452065786587,低位区制,0.009671913123564852,True
2006-11-30,M0000545,工业增加值,0.3025941121813772,高位区制,0.9922330678313777,低位区制,0.011771854733711192,True
2006-12-31,M0000545,工业增加值,0.3269648355629917,高位区制,0.9947153054639801,低位区制,0.08461023733577336,True
2007-01-31,M0000545,工业增加值,1.6810077615153485,高位区制,1.0000000000000018,高位区制,0.9999999999998351,True
2007-02-28,M0000545,工业增加值,-0.08067184685051942,高位区制,0.9183296383333048,高位区制,0.9999999999999551,True
2007-03-31,M0000545,工业增加值,0.6735757230504648,高位区制,0.9999302067661001,高位区制,0.9981574404468924,True
2007-04-30,M0000545,工业增加值,0.6904912917360861,高位区制,0.999992875420936,低位区制,0.14502656211463166,True
2007-05-31,M0000545,工业增加值,0.808504846419444,高位区制,0.9999995339674081,低位区制,0.08077460052364356,True
2007-06-30,M0000545,工业增加值,1.0685292377431224,高位区制,0.9999999996509541,低位区制,0.13606388803935268,True
2007-07-31,M0000545,工业增加值,0.9010716788606523,高位区制,0.9999999565862687,低位区制,0.01567569836644988,True
2007-08-31,M0000545,工业增加值,0.8381096466825637,高位区制,0.9999997769165737,低位区制,0.00856980423098265,True
2007-09-30,M0000545,工业增加值,0.8335561940063507,高位区制,0.9999997497964447,低位区制,0.00957323405699477,True
2007-10-31,M0000545,工业增加值,0.759505954667777,高位区制,0.9999984962811533,低位区制,0.007096031383640554,True
2007-11-30,M0000545,工业增加值,0.7089051287138897,高位区制,0.9999952449476474,低位区制,0.007008168827394608,True
2007-12-31,M0000545,工业增加值,0.6078524155503114,高位区制,0.9999577001983686,低位区制,0.005956094580538094,True
2008-01-31,M0000545,工业增加值,0.4270249426616215,高位区制,0.9988117417484869,低位区制,0.0060892496027465486,True
2008-02-29,M0000545,工业增加值,0.3152265607654591,高位区制,0.9954617251694508,低位区制,0.010977432876951392,True
2008-03-31,M0000545,工业增加值,0.6616280371384083,高位区制,0.9999796555913458,低位区制,0.08530522957008511,True
2008-04-30,M0000545,工业增加值,0.3764812712623672,高位区制,0.9975965953423145,低位区制,0.014572368640251014,True
2008-05-31,M0000545,工业增加值,0.3940021940389161,高位区制,0.9957840607059786,低位区制,0.007447249830527622,True
2008-06-30,M0000545,工业增加值,0.41273183433115834,高位区制,0.9763829096394026,低位区制,0.0069630729479697485,True
2008-07-31,M0000545,工业增加值,0.25258929456238255,高位区制,0.7298986830828413,低位区制,0.006709222604388183,True
2008-08-31,M0000545,工业增加值,-0.02035122236397685,低位区制,0.3555795643936251,低位区制,0.015867906748154678,True
2008-09-30,M0000545,工业增加值,-0.15835719428181716,低位区制,0.32087833740971083,低位区制,0.04684595025886551,True
2008-10-31,M0000545,工业增加值,-0.5706228118108049,高位区制,0.5980140428531204,低位区制,0.4381696740141414,True
2008-11-30,M0000545,工业增加值,-1.0094157743847363,高位区制,0.9989815339146794,高位区制,0.6958493215257981,True
2008-12-31,M0000545,工业增加值,-0.9396054867660172,高位区制,0.9998634874508047,低位区制,0.43351534768494243,True
2009-01-31,M0000545,工业增加值,-2.1697962520900322,高位区制,1.0000000000000024,高位区制,0.9999999999996729,True
2009-02-28,M0000545,工业增加值,-0.18337414272851324,低位区制,0.2642935651168271,高位区制,1.0000000000000022,True
2009-03-31,M0000545,工业增加值,-0.5160695341340688,低位区制,0.18764338761129307,低位区制,0.3749575201330603,True
2009-04-30,M0000545,工业增加值,-0.5943725632825798,低位区制,0.17611013575139356,低位区制,0.05293516213080866,True
2009-05-31,M0000545,工业增加值,-0.28023591297772243,低位区制,0.15659155004329434,低位区制,0.027605805488560772,True
2009-06-30,M0000545,工业增加值,0.11764074594248516,低位区制,0.3560892397193391,低位区制,0.07511527958630379,True
2009-07-31,M0000545,工业增加值,0.3019127526596882,高位区制,0.8253898665229339,低位区制,0.1044764274277761,True
2009-08-31,M0000545,工业增加值,0.6201675040924216,高位区制,0.9995879435758401,低位区制,0.4893288347338172,True
2009-09-30,M0000545,工业增加值,1.1136536133979662,高位区制,0.9999999999128487,高位区制,0.9779162569957534,True
2009-10-31,M0000545,工业增加值,1.3261301821353708,高位区制,0.9999999999999472,高位区制,0.9503915893467441,True
2009-11-30,M0000545,工业增加值,1.631656502080649,高位区制,1.0000000000000024,高位区制,0.9783869824847663,True
2009-12-31,M0000545,工业增加值,1.5889094055035078,高位区制,1.0000000000000022,高位区制,0.812782979683904,True
2010-01-31,M0000545,工业增加值,2.9454642541436358,高位区制,1.0000000000000022,高位区制,1.0000000000000027,True
2010-02-28,M0000545,工业增加值,0.5592200067837321,高位区制,0.9999016877037263,高位区制,1.0000000000000024,True
2010-03-31,M0000545,工业增加值,1.2807589872956824,高位区制,0.9999999999997107,高位区制,0.9998329195401464,True
2010-04-30,M0000545,工业增加值,1.1608594677358355,高位区制,0.9999999999817636,低位区制,0.10453265918807123,True
2010-05-31,M0000545,工业增加值,0.8804826052399906,高位区制,0.999999623362937,低位区制,0.015072881911615507,True
2010-06-30,M0000545,工业增加值,0.3781545320451852,高位区制,0.9438212591098385,低位区制,0.026051801149096443,True
2010-07-31,M0000545,工业增加值,0.18230813995676876,高位区制,0.5357516558734795,低位区制,0.008338182560117074,True
2010-08-31,M0000545,工业增加值,0.16217187636762614,低位区制,0.23244526339551455,低位区制,0.007497354854138501,True
2010-09-30,M0000545,工业增加值,-0.2153343287163203,低位区制,0.035665970819390665,低位区制,0.029722003869271083,True
2010-10-31,M0000545,工业增加值,-0.1262794019136978,低位区制,0.012196748276786844,低位区制,0.007704699101718457,True
2010-11-30,M0000545,工业增加值,0.019241314233664486,低位区制,0.022473470894411825,低位区制,0.007487483964354237,True
2010-12-31,M0000545,工业增加值,-0.03760712517766973,低位区制,0.07430073963790682,低位区制,0.006206576980050607,True
2011-01-31,M0000545,工业增加值,0.145141509746476,低位区制,0.3778793320704578,低位区制,0.011423461176014383,True
2011-02-28,M0000545,工业增加值,0.39463030316481923,高位区制,0.9364621035319411,低位区制,0.022299463478309613,True
2011-03-31,M0000545,工业增加值,0.4616777921845102,高位区制,0.9959310871921881,低位区制,0.009932746948244085,True
2011-04-30,M0000545,工业增加值,0.3014004862984553,高位区制,0.9924719105093246,低位区制,0.006344319665130188,True
2011-05-31,M0000545,工业增加值,0.3326122910337158,高位区制,0.9950945378261855,低位区制,0.009299086259291989,True
2011-06-30,M0000545,工业增加值,0.6076548249374741,高位区制,0.9999442811697882,低位区制,0.03900395984878845,True
2011-07-31,M0000545,工业增加值,0.4479439252606427,高位区制,0.9992373020606147,低位区制,0.007871188226216953,True
2011-08-31,M0000545,工业增加值,0.3777487520388306,高位区制,0.9977154381409442,低位区制,0.005920065079827507,True
2011-09-30,M0000545,工业增加值,0.4221615058245038,高位区制,0.9972806438161596,低位区制,0.007392782968754453,True
2011-10-31,M0000545,工业增加值,0.29868414057802994,高位区制,0.9782592266508258,低位区制,0.0061624526671559205,True
2011-11-30,M0000545,工业增加值,0.15230117339869648,高位区制,0.9435885581515616,低位区制,0.012238041280177771,True
2011-12-31,M0000545,工业增加值,0.23040371973450618,高位区制,0.9640302586603222,低位区制,0.09095818003104612,True
2012-01-31,M0000545,工业增加值,-1.1993202794610442,高位区制,0.9999981745339924,高位区制,0.9999999999971366,True
2012-02-29,M0000545,工业增加值,1.4399836568847053,高位区制,0.999999999999967,高位区制,1.0000000000000029,True
2012-03-31,M0000545,工业增加值,0.09584148467810444,低位区制,0.30171868806519336,高位区制,0.9999994160672364,True
2012-04-30,M0000545,工业增加值,-0.261269417352438,低位区制,0.04283485526722029,低位区制,0.2866605545544267,True
2012-05-31,M0000545,工业增加值,-0.22874814582724962,低位区制,0.0076804021125915405,低位区制,0.02462652833504394,True
2012-06-30,M0000545,工业增加值,-0.21519818781140693,低位区制,0.0030849388666774925,低位区制,0.006875831341755097,True
2012-07-31,M0000545,工业增加值,-0.22393899110485338,低位区制,0.0025593910307729027,低位区制,0.005818682957392435,True
2012-08-31,M0000545,工业增加值,-0.25798330075134973,低位区制,0.0029359404200159397,低位区制,0.006529253535045541,True
2012-09-30,M0000545,工业增加值,0.020956551970798487,低位区制,0.005635680978449896,低位区制,0.013844955638232587,True
2012-10-31,M0000545,工业增加值,-0.13054078132050467,低位区制,0.009168273608435723,低位区制,0.008899461943815912,True
2012-11-30,M0000545,工业增加值,-0.1278896023583176,低位区制,0.046042456598912485,低位区制,0.01535305512639721,True
2012-12-31,M0000545,工业增加值,0.10539275576001284,低位区制,0.3173483594094488,低位区制,0.14376282487624203,True
2013-01-31,M0000545,工业增加值,1.0530487911928856,高位区制,0.9999999690604525,高位区制,0.9999963694772612,True
2013-02-28,M0000545,工业增加值,-1.0239844802193563,高位区制,0.9985392408196971,高位区制,1.0000000000000022,True
2013-03-31,M0000545,工业增加值,-0.017466584634963638,低位区制,0.2091724695153511,高位区制,0.9995274570189397,True
2013-04-30,M0000545,工业增加值,0.049881785908770696,低位区制,0.0603644676379574,低位区制,0.07948742575692727,True
2013-05-31,M0000545,工业增加值,0.039231290218487654,低位区制,0.019788019256142608,低位区制,0.010585952712117151,True
2013-06-30,M0000545,工业增加值,-0.01195946337001811,低位区制,0.009210537052548779,低位区制,0.006032054382414098,True
2013-07-31,M0000545,工业增加值,0.08479021157768644,低位区制,0.012293901396966348,低位区制,0.006753124108760996,True
2013-08-31,M0000545,工业增加值,0.1625245437152488,低位区制,0.017595920106365594,低位区制,0.006998960639218613,True
2013-09-30,M0000545,工业增加值,-0.049328962375892724,低位区制,0.010294877203337856,低位区制,0.009100985324978439,True
2013-10-31,M0000545,工业增加值,0.15722519097178334,低位区制,0.023948976131055795,低位区制,0.01139368708529939,True
2013-11-30,M0000545,工业增加值,0.2012604199985707,低位区制,0.030029136970190093,低位区制,0.006744290234662652,True
2013-12-31,M0000545,工业增加值,0.0649390323797842,低位区制,0.013803227806625502,低位区制,0.006208975357440829,True
2014-01-31,M0000545,工业增加值,0.035414889912871644,低位区制,0.007559406799013804,低位区制,0.005573241329182844,True
2014-02-28,M0000545,工业增加值,-0.010273117990165961,低位区制,0.004817975915032941,低位区制,0.005579620385607777,True
2014-03-31,M0000545,工业增加值,-0.026916748465835916,低位区制,0.0039062049828463047,低位区制,0.00553550647436294,True
2014-04-30,M0000545,工业增加值,-0.0691738374246231,低位区制,0.0032395909037711275,低位区制,0.005625037046831654,True
2014-05-31,M0000545,工业增加值,-0.0684382847640092,低位区制,0.003209242336237041,低位区制,0.005543753763585896,True
2014-06-30,M0000545,工业增加值,-0.027306599875143667,低位区制,0.0036328276308596314,低位区制,0.005736592216921276,True
2014-07-31,M0000545,工业增加值,-0.059083510936806555,低位区制,0.0033064561544420105,低位区制,0.006562890362743416,True
2014-08-31,M0000545,工业增加值,-0.34658239698548393,低位区制,0.0032629923487738997,低位区制,0.01985972229221407,True
2014-09-30,M0000545,工业增加值,-0.15319491272336144,低位区制,0.002567726311771484,低位区制,0.008615262995956137,True
2014-10-31,M0000545,工业增加值,-0.1714187914929183,低位区制,0.002546298595669056,低位区制,0.005955017160470645,True
2014-11-30,M0000545,工业增加值,-0.2332070172314184,低位区制,0.0033691442352159068,低位区制,0.007050194771942839,True
2014-12-31,M0000545,工业增加值,-0.1164308120834397,低位区制,0.009645063946246493,低位区制,0.017228389719729648,True
2015-01-31,M0000545,工业增加值,0.12382262976996024,低位区制,0.05350114371278267,低位区制,0.15228716500366096,True
2015-02-28,M0000545,工业增加值,-0.749880162000938,低位区制,0.13538466537607094,高位区制,0.9967880083621674,True
2015-03-31,M0000545,工业增加值,-0.46527080000617216,低位区制,0.042252890891779596,低位区制,0.09788015267743856,True
2015-04-30,M0000545,工业增加值,-0.37566821939810735,低位区制,0.01089504677670397,低位区制,0.011805869154281232,True
2015-05-31,M0000545,工业增加值,-0.3325101152114176,低位区制,0.004299130471583333,低位区制,0.006011354758395923,True
2015-06-30,M0000545,工业增加值,-0.22343908296607873,低位区制,0.0027056257801206353,低位区制,0.005899610666670863,True
2015-07-31,M0000545,工业增加值,-0.30281026628340396,低位区制,0.0028545141047762687,低位区制,0.006751472517449799,True
2015-08-31,M0000545,工业增加值,-0.30646353125516723,低位区制,0.0030763234765914522,低位区制,0.00601099893342597,True
2015-09-30,M0000545,工业增加值,-0.40778373691979053,低位区制,0.00427199636378584,低位区制,0.007874419236068781,True
2015-10-31,M0000545,工业增加值,-0.3205522260554683,低位区制,0.003136389218145461,低位区制,0.005755439973170184,True
2015-11-30,M0000545,工业增加值,-0.1838797360980654,低位区制,0.002487710994100285,低位区制,0.00622341000844036,True
2015-12-31,M0000545,工业增加值,-0.23798534461350257,低位区制,0.002458099129906067,低位区制,0.006153432263063996,True
2016-01-31,M0000545,工业增加值,-0.18989653345890312,低位区制,0.0025422495736272207,低位区制,0.00601619729578689,True
2016-02-29,M0000545,工业增加值,-0.37890736557939086,低位区制,0.0035940766976931514,低位区制,0.011942879726299885,True
2016-03-31,M0000545,工业增加值,-0.10878284208062672,低位区制,0.002780985663479805,低位区制,0.011544880285147274,True
2016-04-30,M0000545,工业增加值,-0.21969701658492408,低位区制,0.0024437463000868864,低位区制,0.007388137511472513,True
2016-05-31,M0000545,工业增加值,-0.21435420450620668,低位区制,0.0023963924127772193,低位区制,0.005712277378459831,True
2016-06-30,M0000545,工业增加值,-0.1649314652249112,低位区制,0.0024088450881947204,低位区制,0.00558618236383293,True
2016-07-31,M0000545,工业增加值,-0.2026783522000029,低位区制,0.0023871053421337966,低位区制,0.005823130364445622,True
2016-08-31,M0000545,工业增加值,-0.1583487800222329,低位区制,0.002428745782182371,低位区制,0.0055786555462402,True
2016-09-30,M0000545,工业增加值,-0.1848771566463402,低位区制,0.0024475380887912994,低位区制,0.005721106189879994,True
2016-10-31,M0000545,工业增加值,-0.16772681755518148,低位区制,0.0028565100546949955,低位区制,0.0057689048712006715,True
2016-11-30,M0000545,工业增加值,-0.17223699626116046,低位区制,0.005872290122509072,低位区制,0.008900053698882446,True
2016-12-31,M0000545,工业增加值,-0.2113971364677013,低位区制,0.02913467980065349,低位区制,0.054029191966658806,True
2017-01-31,M0000545,工业增加值,-0.6415529047424977,低位区制,0.20930524824189947,高位区制,0.6786098311380274,True
2017-02-28,M0000545,工业增加值,0.39845821386519453,低位区制,0.30987295789712954,高位区制,0.9998887237194708,True
2017-03-31,M0000545,工业增加值,0.018247767982965235,低位区制,0.06784450432775466,低位区制,0.2221166211129805,True
2017-04-30,M0000545,工业增加值,-0.14482473445597255,低位区制,0.011303880246485059,低位区制,0.027550503229949598,True
2017-05-31,M0000545,工业增加值,-0.14719077477696552,低位区制,0.003951501683904783,低位区制,0.007256363580870295,True
2017-06-30,M0000545,工业增加值,0.014989458723812299,低位区制,0.004392946481746714,低位区制,0.008061594011487068,True
2017-07-31,M0000545,工业增加值,-0.16217440783637893,低位区制,0.002694370384685942,低位区制,0.008512205347757092,True
2017-08-31,M0000545,工业增加值,-0.21444526231403804,低位区制,0.0025613408120309885,低位区制,0.006342133062123283,True
2017-09-30,M0000545,工业增加值,-0.05533589207213402,低位区制,0.003441885599915287,低位区制,0.0074798055258778265,True
2017-10-31,M0000545,工业增加值,-0.21761616016737628,低位区制,0.00497503670111897,低位区制,0.00901603981819008,True
2017-11-30,M0000545,工业增加值,-0.28746349277858196,低位区制,0.021128198511698486,低位区制,0.012247422255360354,True
2017-12-31,M0000545,工业增加值,-0.22409317024303374,低位区制,0.13356365133517314,低位区制,0.07429734129699164,True
2018-01-31,M0000545,工业增加值,1.0517307859386322,高位区制,0.9999999631537554,高位区制,0.9999999995229643,True
2018-02-28,M0000545,工业增加值,-1.450674282159346,高位区制,0.9999999679817572,高位区制,1.0000000000000002,True
2018-03-31,M0000545,工业增加值,-0.2618237282494068,低位区制,0.1389957237061614,高位区制,0.9999627359083032,True
2018-04-30,M0000545,工业增加值,-0.09535193800973613,低位区制,0.022453359064338985,低位区制,0.09186108903904207,True
2018-05-31,M0000545,工业增加值,-0.13286589001532523,低位区制,0.005209482095310396,低位区制,0.011865123807497636,True
2018-06-30,M0000545,工业增加值,-0.23036484897681492,低位区制,0.0027859681022814236,低位区制,0.007200954406884858,True
2018-07-31,M0000545,工业增加值,-0.22037103951258546,低位区制,0.002496503614339253,低位区制,0.005750203009599077,True
2018-08-31,M0000545,工业增加值,-0.2105580774675841,低位区制,0.0027919134324442063,低位区制,0.006472629565580897,True
2018-09-30,M0000545,工业增加值,-0.4592416360673276,低位区制,0.005487463770087879,低位区制,0.018653719053745174,True
2018-10-31,M0000545,工业增加值,-0.23409094578896117,低位区制,0.0028513101038707676,低位区制,0.00892524488965591,True
2018-11-30,M0000545,工业增加值,-0.22623274433321666,低位区制,0.0026432136906121475,低位区制,0.0069245003214836055,True
2018-12-31,M0000545,工业增加值,-0.3238064737067055,低位区制,0.003785322413207141,低位区制,0.021248855815970264,True
2019-01-31,M0000545,工业增加值,-0.01823138440340999,低位区制,0.008246536047820153,低位区制,0.16783549393844766,True
2019-02-28,M0000545,工业增加值,-0.6142792159718242,低位区制,0.027869546937633174,高位区制,0.9377878363879267,True
2019-03-31,M0000545,工业增加值,0.12981134386780888,低位区制,0.01768044667846139,高位区制,0.9741226214142873,True
2019-04-30,M0000545,工业增加值,-0.30776385694554914,低位区制,0.00518989837888067,低位区制,0.4698420598451275,True
2019-05-31,M0000545,工业增加值,-0.3493691548389728,低位区制,0.00363082416163859,低位区制,0.042815346697038535,True
2019-06-30,M0000545,工业增加值,-0.15940909662943303,低位区制,0.0027601691950930813,低位区制,0.011265656395707797,True
2019-07-31,M0000545,工业增加值,-0.3643420864996275,低位区制,0.003732227536655065,低位区制,0.012880822564999556,True
2019-08-31,M0000545,工业增加值,-0.41532132953196704,低位区制,0.004590535065319851,低位区制,0.007398066283745324,True
2019-09-30,M0000545,工业增加值,-0.2412809057423147,低位区制,0.003248482360249218,低位区制,0.0068262544284667295,True
2019-10-31,M0000545,工业增加值,-0.3399162026297836,低位区制,0.006173963046796224,低位区制,0.007991484832729646,True
2019-11-30,M0000545,工业增加值,-0.1858856845170514,低位区制,0.021518796581832488,低位区制,0.012286388327225199,True
2019-12-31,M0000545,工业增加值,-0.100416729331265,低位区制,0.1451543197308791,低位区制,0.07786750744548687,True
2020-01-31,M0000545,工业增加值,-1.6456614131454144,高位区制,0.9999999999481402,高位区制,0.9999999999999992,True
2020-02-29,M0000545,工业增加值,-4.8097681891627255,高位区制,1.0000000000000013,高位区制,0.9999999999999999,True
2020-03-31,M0000545,工业增加值,-1.1901843647591417,高位区制,0.999965178556723,高位区制,0.9999999999999999,True
2020-04-30,M0000545,工业增加值,-0.4382884111923916,低位区制,0.25126712468345497,高位区制,0.8432475460927571,True
2020-05-31,M0000545,工业增加值,-0.39301814938779256,低位区制,0.05534619401365956,低位区制,0.06335451422970041,True
2020-06-30,M0000545,工业增加值,-0.3140540119146521,低位区制,0.015294445246175212,低位区制,0.009754266592768207,True
2020-07-31,M0000545,工业增加值,-0.33421255954061363,低位区制,0.016893657410593843,低位区制,0.008485762803755272,True
2020-08-31,M0000545,工业增加值,-0.2741553271365388,低位区制,0.06339056164246716,低位区制,0.034835356713545394,True
2020-09-30,M0000545,工业增加值,0.15394338454818496,低位区制,0.4093874387413269,低位区制,0.43315849774226894,True
2020-10-31,M0000545,工业增加值,0.8456328281721177,高位区制,0.9999920109423097,高位区制,0.9786496837697046,True
2020-11-30,M0000545,工业增加值,0.8411057809760312,高位区制,0.9999997927515614,低位区制,0.19141805793378938,True
2020-12-31,M0000545,工业增加值,0.638262949637991,高位区制,0.9999787767100878,低位区制,0.15667130837839635,True
2021-01-31,M0000545,工业增加值,3.180768968038854,高位区制,1.000000000000001,高位区制,0.9999999999999998,True
2021-02-28,M0000545,工业增加值,6.642091491517832,高位区制,1.0000000000000009,高位区制,0.9999999999999998,True
2021-03-31,M0000545,工业增加值,1.0552484623011515,高位区制,0.999999998374374,高位区制,0.9999999999999998,True
2021-04-30,M0000545,工业增加值,0.4071284157903622,高位区制,0.9707155117511597,高位区制,0.5475684743926419,True
2021-05-31,M0000545,工业增加值,0.21166561742688922,高位区制,0.6512508599693091,低位区制,0.050156139140681316,True
2021-06-30,M0000545,工业增加值,0.10502265462128291,低位区制,0.3380501415521373,低位区制,0.012649887277151713,True
2021-07-31,M0000545,工业增加值,-0.1950315313057519,低位区制,0.22695336323773352,低位区制,0.043285734368584794,True
2021-08-31,M0000545,工业增加值,-0.380402721259295,低位区制,0.33959734108510914,低位区制,0.15266528774196883,True
2021-09-30,M0000545,工业增加值,-1.1158916455554688,高位区制,0.9998263327160117,高位区制,0.9994345989131904,True
2021-10-31,M0000545,工业增加值,-2.0459053226981383,高位区制,1.000000000000001,高位区制,0.9999999833780726,True
2021-11-30,M0000545,工业增加值,-1.8710921538503749,高位区制,1.0000000000000009,低位区制,0.1689793908806273,True
2021-12-31,M0000545,工业增加值,-1.4440605779090792,高位区制,0.9999999993754326,低位区制,0.04398618188130891,True
2022-01-31,M0000545,工业增加值,-1.387530357012932,高位区制,0.9999999964483076,低位区制,0.16453194594318324,True
2022-02-28,M0000545,工业增加值,0.5089125818095324,高位区制,0.9991424668166237,高位区制,1.0,True
2022-03-31,M0000545,工业增加值,-0.4894516286050396,高位区制,0.9636643244808768,高位区制,0.9999947175559466,True
2022-04-30,M0000545,工业增加值,-1.5435489879253919,高位区制,0.9999999998393682,高位区制,0.9999999844705335,True
2022-05-31,M0000545,工业增加值,-0.9266758356578765,高位区制,0.9908772165599856,低位区制,0.3404011560472652,True
2022-06-30,M0000545,工业增加值,-0.39251072738629667,低位区制,0.21184284204059708,低位区制,0.14882349551040097,True
2022-07-31,M0000545,工业增加值,-0.38431151663484137,低位区制,0.053179479905559456,低位区制,0.016518456226701155,True
2022-08-31,M0000545,工业增加值,-0.3175259106721846,低位区制,0.02573851874586517,低位区制,0.00915677780307548,True
2022-09-30,M0000545,工业增加值,-0.024076121600289935,低位区制,0.05215551482310153,低位区制,0.044094610966419395,True
2022-10-31,M0000545,工业增加值,-0.41469940341429196,低位区制,0.21722165012237343,低位区制,0.20632741980556768,True
2022-11-30,M0000545,工业增加值,-0.8257705525112657,高位区制,0.9396269486723156,低位区制,0.3823667642567872,True
2022-12-31,M0000545,工业增加值,-0.7001665783038886,高位区制,0.9798517407468696,低位区制,0.24578172392830838,True
2023-01-31,M0000545,工业增加值,-2.263292125448345,高位区制,1.0000000000000004,高位区制,0.9999999999999998,True
2023-02-28,M0000545,工业增加值,1.890788936380933,高位区制,1.0000000000000004,高位区制,1.0,True
2023-03-31,M0000545,工业增加值,-0.23919156300853872,低位区制,0.14026917812607087,高位区制,1.0,True
2023-04-30,M0000545,工业增加值,-0.08422846813598261,低位区制,0.02797344506599203,低位区制,0.14748671256364607,True
2023-05-31,M0000545,工业增加值,-0.4861726485690113,低位区制,0.014637501497121747,低位区制,0.1277009182504641,True
2023-06-30,M0000545,工业增加值,-0.37267571304923197,低位区制,0.006120953855708529,低位区制,0.014148198217069637,True
2023-07-31,M0000545,工业增加值,-0.40993381257883077,低位区制,0.005017494443893806,低位区制,0.007342440600905685,True
2023-08-31,M0000545,工业增加值,-0.2332658168883448,低位区制,0.00354407689312806,低位区制,0.008301054113405072,True
2023-09-30,M0000545,工业增加值,0.08394950434501236,低位区制,0.007998297569941623,低位区制,0.02536619325766298,True
2023-10-31,M0000545,工业增加值,-0.27628300547859436,低位区制,0.008840705327626493,低位区制,0.037732178440893285,True
2023-11-30,M0000545,工业增加值,-0.10998614299972953,低位区制,0.037793627556857945,低位区制,0.020369683749755604,True
2023-12-31,M0000545,工业增加值,0.05111529743602372,低位区制,0.24545954249979937,低位区制,0.10563927658367907,True
2024-01-31,M0000545,工业增加值,2.6214020584392723,高位区制,0.9999999999999999,高位区制,1.0,True
2024-02-29,M0000545,工业增加值,-2.7784396066320154,高位区制,1.0,高位区制,1.0,True
2024-03-31,M0000545,工业增加值,-0.3079374660477241,低位区制,0.16233638147901558,高位区制,1.0,True
2024-04-30,M0000545,工业增加值,0.025107569999533674,低位区制,0.038403505989899986,低位区制,0.22085840073698726,True
2024-05-31,M0000545,工业增加值,-0.15509918500814251,低位区制,0.007350131045028541,低位区制,0.02949350905868759,True
2024-06-30,M0000545,工业增加值,-0.19884223103949694,低位区制,0.0036804160378018473,低位区制,0.007785482618577104,True
2024-07-31,M0000545,工业增加值,-0.28635689795828256,低位区制,0.006861059326773842,低位区制,0.008011152507117742,True
2024-08-31,M0000545,工业增加值,-0.4191958851325318,低位区制,0.031284888348684634,低位区制,0.018451678203019038,True
2024-09-30,M0000545,工业增加值,-0.7589277804230392,低位区制,0.12794338740170275,低位区制,0.09237179156439916,True
2024-10-31,M0000545,工业增加值,-0.3151504810426211,低位区制,0.03917952468659338,低位区制,0.04759764821301514,True
2024-11-30,M0000545,工业增加值,-0.09374831660122052,低位区制,0.0418900577533307,低位区制,0.028053062304698353,True
2024-12-31,M0000545,工业增加值,-0.25942819525912714,低位区制,0.1539228722359162,低位区制,0.1187404428334358,True
2025-01-31,M0000545,工业增加值,-2.3991136436472633,高位区制,1.0000000000000004,高位区制,1.0000000000000002,True
2025-02-28,M0000545,工业增加值,3.4311474783985356,高位区制,1.0000000000000002,高位区制,1.0000000000000002,True
2025-03-31,M0000545,工业增加值,0.06577899891534428,低位区制,0.26104896316275383,高位区制,1.0000000000000002,True
2025-04-30,M0000545,工业增加值,-0.12835200744434572,低位区制,0.03790928187160679,低位区制,0.10886682464658491,True
2025-05-31,M0000545,工业增加值,-0.17351119274561777,低位区制,0.007478152631000736,低位区制,0.013483253870602422,True
2025-06-30,M0000545,工业增加值,-0.03686747218859898,低位区制,0.004714313342957766,低位区制,0.0082577980238446,True
2025-07-31,M0000545,工业增加值,-0.19611507366079217,低位区制,0.005881772403861048,低位区制,0.015377957695236203,True
2025-08-31,M0000545,工业增加值,-0.29989955646472727,低位区制,0.026084467638134323,低位区制,0.08100419363764491,True
2025-09-30,M0000545,工业增加值,0.264987261369653,低位区制,0.16310753068811987,高位区制,0.8343855629672018,True
2025-10-31,M0000545,工业增加值,-0.5789447455041501,低位区制,0.2091851491276483,高位区制,0.9969644715914261,True
2025-11-30,M0000545,工业增加值,-0.7612771571751675,低位区制,0.2671938279738388,低位区制,0.2405148835346668,True
2025-12-31,M0000545,工业增加值,-0.3735446815030332,低位区制,0.06628065223517164,低位区制,0.053807504111959906,True
2026-01-31,M0000545,工业增加值,-0.529327289423358,低位区制,0.033645381530650324,低位区制,0.019559693511488604,True
2026-02-28,M0000545,工业增加值,-0.20365586481778547,低位区制,0.01030340553816662,低位区制,0.0160558363085668,True
2026-03-31,M0000545,工业增加值,-0.26004651149830355,低位区制,0.018404452482137422,低位区制,0.016631028701992585,True
2006-01-31,M0001227,PPI,0.07640288726838884,高位区制,0.9280093500548489,低位区制,0.12269220997504636,True
2006-02-28,M0001227,PPI,0.44372333907285133,高位区制,0.9639734503169464,低位区制,0.11094310817811896,True
2006-03-31,M0001227,PPI,0.009946372007748838,高位区制,0.9637338405525009,低位区制,0.09522603551219218,True
2006-04-30,M0001227,PPI,0.04610516030528333,高位区制,0.9747247509503951,低位区制,0.0746509672094936,True
2006-05-31,M0001227,PPI,0.4346696409528861,高位区制,0.995247208940985,低位区制,0.06777360896521939,True
2006-06-30,M0001227,PPI,0.5088580249426496,高位区制,0.9992420966611111,低位区制,0.05615606826692145,True
2006-07-31,M0001227,PPI,0.9028836987447688,高位区制,0.9999615080039926,低位区制,0.05305618254057942,True
2006-08-31,M0001227,PPI,0.45843202724749066,高位区制,0.99968233285958,低位区制,0.0425847239215183,True
2006-09-30,M0001227,PPI,0.6634730329427165,高位区制,0.9998461120056897,低位区制,0.030616617739139464,True
2006-10-31,M0001227,PPI,0.306910198656657,高位区制,0.99922229469798,低位区制,0.022614714545208827,True
2006-11-30,M0001227,PPI,0.5432741993341725,高位区制,0.9996738413740606,低位区制,0.016129208835842148,True
2006-12-31,M0001227,PPI,0.638228726425419,高位区制,0.9994206302252153,低位区制,0.011248937116425883,True
2007-01-31,M0001227,PPI,0.27243213814476813,高位区制,0.992972755524366,低位区制,0.009305849402391845,True
2007-02-28,M0001227,PPI,-0.06687822648684899,高位区制,0.9804934435370726,低位区制,0.007306797628064238,True
2007-03-31,M0001227,PPI,0.14349288760916218,高位区制,0.982309573221545,低位区制,0.005069928494638967,True
2007-04-30,M0001227,PPI,0.11764157067148578,高位区制,0.9855384886194167,低位区制,0.0036871015203600145,True
2007-05-31,M0001227,PPI,0.1845130424296968,高位区制,0.9916745052217752,低位区制,0.0036550379408581872,True
2007-06-30,M0001227,PPI,0.5017556386567739,高位区制,0.9975906294798675,低位区制,0.0047871160916094415,True
2007-07-31,M0001227,PPI,0.19283773326791404,高位区制,0.9964110089356197,低位区制,0.004936297520522813,True
2007-08-31,M0001227,PPI,0.22165758631746818,高位区制,0.9965954303917604,低位区制,0.005236108294693839,True
2007-09-30,M0001227,PPI,0.20349975198790188,高位区制,0.9974597893862172,低位区制,0.007365164869600985,True
2007-10-31,M0001227,PPI,0.6154365549139129,高位区制,0.9996871318048367,低位区制,0.012882080646723228,True
2007-11-30,M0001227,PPI,0.5580352243936845,高位区制,0.9998023916808182,低位区制,0.014381187787754508,True
2007-12-31,M0001227,PPI,0.9440746692160137,高位区制,0.9999799577864825,低位区制,0.020329910454035684,True
2008-01-31,M0001227,PPI,1.0526276364177853,高位区制,0.9999906622668322,低位区制,0.02152460103160244,True
2008-02-29,M0001227,PPI,1.2308144757245811,高位区制,0.9999970047313835,低位区制,0.025789551742883682,True
2008-03-31,M0001227,PPI,1.4944216076181216,高位区制,0.9999994822214833,低位区制,0.03177762516398346,True
2008-04-30,M0001227,PPI,1.4624082735957844,高位区制,0.9999993571228704,低位区制,0.03545561293652668,True
2008-05-31,M0001227,PPI,1.4890827766885144,高位区制,0.9999994635476882,低位区制,0.046580178768105655,True
2008-06-30,M0001227,PPI,1.367290079219295,高位区制,0.999998780670114,低位区制,0.06900053584082952,True
2008-07-31,M0001227,PPI,1.2550775898692073,高位区制,0.9999974503821244,低位区制,0.12075062206241133,True
2008-08-31,M0001227,PPI,1.3638816822008564,高位区制,0.9999982511191242,低位区制,0.23807632298002332,True
2008-09-30,M0001227,PPI,0.99010521623655,高位区制,0.9992863852882371,低位区制,0.4275815718986966,True
2008-10-31,M0001227,PPI,0.5449746235105095,高位区制,0.9079204644433249,高位区制,0.7133837382534959,True
2008-11-30,M0001227,PPI,-0.8431972764225688,低位区制,0.015774938237418563,高位区制,0.9999850983894769,True
2008-12-31,M0001227,PPI,-0.99899735921889,低位区制,0.00017661527243456143,高位区制,0.9989788429793565,True
2009-01-31,M0001227,PPI,-1.7123596715348741,低位区制,2.519871996717504e-06,高位区制,0.9998754517281367,True
2009-02-28,M0001227,PPI,-1.9605450956441608,低位区制,1.3210471044562119e-06,高位区制,0.9992269839748622,True
2009-03-31,M0001227,PPI,-2.55270093264419,低位区制,4.991664227568392e-07,高位区制,0.9994881767446379,True
2009-04-30,M0001227,PPI,-2.2986248542613064,低位区制,7.137641277285172e-07,高位区制,0.9952409634925273,True
2009-05-31,M0001227,PPI,-2.1843506463256457,低位区制,8.781610246393682e-07,高位区制,0.9952669819417258,True
2009-06-30,M0001227,PPI,-1.3275062385345928,低位区制,3.138078472496527e-05,高位区制,0.999467229514881,True
2009-07-31,M0001227,PPI,-0.2056751899335949,低位区制,0.006967049523982584,高位区制,0.9999858611171177,True
2009-08-31,M0001227,PPI,-0.31327323532244344,低位区制,0.03511764204902476,高位区制,0.9975943704875381,True
2009-09-30,M0001227,PPI,0.17584739685530648,低位区制,0.2333543615094372,高位区制,0.9981789534914585,True
2009-10-31,M0001227,PPI,-0.20360396799868985,低位区制,0.3721583328478607,高位区制,0.9985233578620101,True
2009-11-30,M0001227,PPI,0.7561235108863499,高位区制,0.98096991298109,高位区制,0.9999653500988387,True
2009-12-31,M0001227,PPI,0.995727783988593,高位区制,0.9998471801889312,高位区制,0.9988654257734652,True
2010-01-31,M0001227,PPI,1.757521905252434,高位区制,0.9999999112244597,高位区制,0.9991777865020328,True
2010-02-28,M0001227,PPI,1.8298026663473679,高位区制,0.9999999515754011,高位区制,0.979038572513671,True
2010-03-31,M0001227,PPI,1.888517271264491,高位区制,0.9999999685144192,高位区制,0.9677539351357475,True
2010-04-30,M0001227,PPI,1.7826002702151524,高位区制,0.9999999317629036,高位区制,0.9630977862987588,True
2010-05-31,M0001227,PPI,1.59083553768895,高位区制,0.9999992675554586,高位区制,0.9667640689891405,True
2010-06-30,M0001227,PPI,1.1276200656841904,高位区制,0.9968901887344901,高位区制,0.9815102440008482,True
2010-07-31,M0001227,PPI,-0.5996712010699499,低位区制,0.042602699742427204,高位区制,0.9999999902198831,True
2010-08-31,M0001227,PPI,-0.8414987131715524,低位区制,0.0008644323973395841,高位区制,0.9962210911795343,True
2010-09-30,M0001227,PPI,-1.0959737430210081,低位区制,0.0003284227233169264,高位区制,0.9946825469465282,True
2010-10-31,M0001227,PPI,-0.45260819755096227,低位区制,0.02971328137455794,高位区制,0.9947969098706001,True
2010-11-30,M0001227,PPI,0.11891726136642844,低位区制,0.3996727012142982,高位区制,0.9910919097017192,True
2010-12-31,M0001227,PPI,0.18450086787481368,高位区制,0.749249766498546,高位区制,0.9788306475443549,True
2011-01-31,M0001227,PPI,0.6889086688633219,高位区制,0.9889669257192728,高位区制,0.9755094124615455,True
2011-02-28,M0001227,PPI,1.1719110256574365,高位区制,0.999968631514715,高位区制,0.9620053348804175,True
2011-03-31,M0001227,PPI,1.6862538730416226,高位区制,0.9999998615368021,高位区制,0.9156974331549237,True
2011-04-30,M0001227,PPI,1.359033138619886,高位区制,0.9999987132405944,高位区制,0.6468904032010764,True
2011-05-31,M0001227,PPI,1.3864094977403276,高位区制,0.9999989162902867,高位区制,0.5025346622906958,True
2011-06-30,M0001227,PPI,0.9418646485858093,高位区制,0.9999812313189155,低位区制,0.4293027850574804,True
2011-07-31,M0001227,PPI,0.7780990000329027,高位区制,0.9999449699919194,低位区制,0.36690975486436006,True
2011-08-31,M0001227,PPI,1.0516610408648448,高位区制,0.9997640580628411,低位区制,0.341547416394144,True
2011-09-30,M0001227,PPI,0.3912274574026777,高位区制,0.9576846408348124,低位区制,0.3161655792409124,True
2011-10-31,M0001227,PPI,0.3298981612620926,高位区制,0.7804901954130471,低位区制,0.21211425800727032,True
2011-11-30,M0001227,PPI,-0.1342178072633019,低位区制,0.23434741247345175,低位区制,0.16706487327566466,True
2011-12-31,M0001227,PPI,-0.12927672756504177,低位区制,0.06154684162616617,低位区制,0.09845760724214053,True
2012-01-31,M0001227,PPI,-0.44134312861749825,低位区制,0.005047386276426114,低位区制,0.06871264316613138,True
2012-02-29,M0001227,PPI,-0.6097160383046928,低位区制,0.0002830343106296101,低位区制,0.04291738413575076,True
2012-03-31,M0001227,PPI,-0.8256899514871389,低位区制,3.940255081771077e-05,低位区制,0.028334652527011596,True
2012-04-30,M0001227,PPI,-0.6794726228125998,低位区制,6.039910078357469e-05,低位区制,0.018097507607942834,True
2012-05-31,M0001227,PPI,-0.6771648051162783,低位区制,7.498784460254211e-05,低位区制,0.014008725977577893,True
2012-06-30,M0001227,PPI,-0.29360786827082597,低位区制,0.0004890440709820403,低位区制,0.013710375265701584,True
2012-07-31,M0001227,PPI,0.019135011129842727,低位区制,0.0014807129023055555,低位区制,0.012737072508646759,True
2012-08-31,M0001227,PPI,-0.4330930450438335,低位区制,0.00034535160235703424,低位区制,0.0119312841165512,True
2012-09-30,M0001227,PPI,-0.1791151463629933,低位区制,0.0006065949689860048,低位区制,0.007236976795801971,True
2012-10-31,M0001227,PPI,-0.33216793593513594,低位区制,0.00035366038094608034,低位区制,0.004102451816564694,True
2012-11-30,M0001227,PPI,-0.32703898831666833,低位区制,0.0003554821010343318,低位区制,0.002358070157966776,True
2012-12-31,M0001227,PPI,-0.26939143951979605,低位区制,0.0005659611125885903,低位区制,0.0016350809159005766,True
2013-01-31,M0001227,PPI,-0.10993798985885328,低位区制,0.0012736698709874346,低位区制,0.001410846876138125,True
2013-02-28,M0001227,PPI,-0.08835005290309228,低位区制,0.0017535071510830767,低位区制,0.0012887016969982152,True
2013-03-31,M0001227,PPI,0.008901807239203197,低位区制,0.0021493780876659426,低位区制,0.0014582222870745502,True
2013-04-30,M0001227,PPI,-0.1932819234067117,低位区制,0.0009159054551948159,低位区制,0.0019081324860016837,True
2013-05-31,M0001227,PPI,-0.4267818266872774,低位区制,0.0002349751118854863,低位区制,0.0024581813142080123,True
2013-06-30,M0001227,PPI,-0.7875603672087302,低位区制,4.412822624146688e-05,低位区制,0.0029231424282399328,True
2013-07-31,M0001227,PPI,-0.6970689997726133,低位区制,5.646958628184023e-05,低位区制,0.0017853201107321903,True
2013-08-31,M0001227,PPI,-0.6475305982325139,低位区制,6.952364837885388e-05,低位区制,0.0012966612537863998,True
2013-09-30,M0001227,PPI,-0.5881564710327434,低位区制,9.250685711576844e-05,低位区制,0.001131366960074012,True
2013-10-31,M0001227,PPI,-0.4427285349811948,低位区制,0.00018754171906675275,低位区制,0.0011714938873320778,True
2013-11-30,M0001227,PPI,-0.31131695200546927,低位区制,0.0004367546833822969,低位区制,0.001318530698346736,True
2013-12-31,M0001227,PPI,-0.04734524494508674,低位区制,0.001184624511548916,低位区制,0.0016618917954006043,True
2014-01-31,M0001227,PPI,-0.23571143333777478,低位区制,0.0006102187936502629,低位区制,0.0016858179818839826,True
2014-02-28,M0001227,PPI,-0.3784324295440885,低位区制,0.00025959651256018165,低位区制,0.0017514374055871535,True
2014-03-31,M0001227,PPI,-0.6468286301196667,低位区制,7.518068005905633e-05,低位区制,0.002022865381256734,True
2014-04-30,M0001227,PPI,-0.7826788596296302,低位区制,4.238574200153119e-05,低位区制,0.0017022920384995419,True
2014-05-31,M0001227,PPI,-0.5696716640971963,低位区制,0.00010012396559100414,低位区制,0.001445704585364705,True
2014-06-30,M0001227,PPI,-0.37406631828549275,低位区制,0.0002297915806164515,低位区制,0.001272975549043339,True
2014-07-31,M0001227,PPI,-0.3783412069047353,低位区制,0.00024485438851666857,低位区制,0.0011033911730175738,True
2014-08-31,M0001227,PPI,-0.331127394835545,低位区制,0.00029439007056022867,低位区制,0.0011162722205460556,True
2014-09-30,M0001227,PPI,-0.36779197143932063,低位区制,0.0002512479927589449,低位区制,0.001322857387286579,True
2014-10-31,M0001227,PPI,-0.42675574696244156,低位区制,0.0001897198065407863,低位区制,0.0018317947940468702,True
2014-11-30,M0001227,PPI,-0.46340311668817813,低位区制,0.0001499214305139672,低位区制,0.002920574851353281,True
2014-12-31,M0001227,PPI,-0.8392302336518328,低位区制,3.419437244534903e-05,低位区制,0.005335300270596992,True
2015-01-31,M0001227,PPI,-1.175586841915011,低位区制,1.0337991691609542e-05,低位区制,0.00559248580768955,True
2015-02-28,M0001227,PPI,-1.3262753002639256,低位区制,6.460573585902011e-06,低位区制,0.003856768282263799,True
2015-03-31,M0001227,PPI,-1.3187094334687444,低位区制,6.627932772198811e-06,低位区制,0.0024236806544263344,True
2015-04-30,M0001227,PPI,-1.028559571623896,低位区制,1.655885240059316e-05,低位区制,0.0018071929397985632,True
2015-05-31,M0001227,PPI,-0.9102251585892767,低位区制,2.4995510973748153e-05,低位区制,0.001303652227477981,True
2015-06-30,M0001227,PPI,-0.8827391925049446,低位区制,2.7624127187778635e-05,低位区制,0.0011113458726456265,True
2015-07-31,M0001227,PPI,-0.9107647708344186,低位区制,2.501324859059613e-05,低位区制,0.0010960542906499665,True
2015-08-31,M0001227,PPI,-0.9604164953159435,低位区制,2.1277343399239267e-05,低位区制,0.0011650348307127118,True
2015-09-30,M0001227,PPI,-0.7608115077761985,低位区制,4.286741284839942e-05,低位区制,0.001299162711255648,True
2015-10-31,M0001227,PPI,-0.9206297584232801,低位区制,2.425449227006507e-05,低位区制,0.0015496624229350883,True
2015-11-30,M0001227,PPI,-1.10715967797197,低位区制,1.2838525722939814e-05,低位区制,0.0016282921834484725,True
2015-12-31,M0001227,PPI,-1.0762608047266742,低位区制,1.4098374305517016e-05,低位区制,0.0013086025143311418,True
2016-01-31,M0001227,PPI,-1.101701728319494,低位区制,1.3101285186251659e-05,低位区制,0.001265985913964911,True
2016-02-29,M0001227,PPI,-0.8791634822059053,低位区制,2.8972095934475804e-05,低位区制,0.0013648775331507883,True
2016-03-31,M0001227,PPI,-0.578453941579598,低位区制,0.00010233653057212183,低位区制,0.0015736670211177533,True
2016-04-30,M0001227,PPI,-0.3311421988469687,低位区制,0.000366716760512525,低位区制,0.0015118465149908341,True
2016-05-31,M0001227,PPI,-0.3348286552107338,低位区制,0.0010003025934610188,低位区制,0.0013168720789331284,True
2016-06-30,M0001227,PPI,-0.28820208982101003,低位区制,0.00573056794225014,低位区制,0.0014281839582289254,True
2016-07-31,M0001227,PPI,-0.1811165456431747,低位区制,0.03504137101174167,低位区制,0.0019208271024287048,True
2016-08-31,M0001227,PPI,0.0010896914528200075,低位区制,0.14870560232216273,低位区制,0.0030011874416806753,True
2016-09-30,M0001227,PPI,-0.06658670062910693,低位区制,0.33801623476527515,低位区制,0.004777428351901577,True
2016-10-31,M0001227,PPI,0.27046639153242935,高位区制,0.7766537993932963,低位区制,0.008900220201731337,True
2016-11-30,M0001227,PPI,0.4781240369691388,高位区制,0.9706081957214608,低位区制,0.012201797689620432,True
2016-12-31,M0001227,PPI,0.8469380434124275,高位区制,0.9994427732680841,低位区制,0.017312725689333765,True
2017-01-31,M0001227,PPI,1.217254286711629,高位区制,0.9999957266405878,低位区制,0.018903752732997478,True
2017-02-28,M0001227,PPI,1.4824868070036563,高位区制,0.9999994364392782,低位区制,0.01587896340620235,True
2017-03-31,M0001227,PPI,1.1434826343320876,高位区制,0.9999947047403324,低位区制,0.010807456052379955,True
2017-04-30,M0001227,PPI,0.9530062633719671,高位区制,0.9999716403900311,低位区制,0.008038807307000953,True
2017-05-31,M0001227,PPI,0.5488991912123652,高位区制,0.9988150035076401,低位区制,0.00769397723602317,True
2017-06-30,M0001227,PPI,0.40298986532260395,高位区制,0.9890303236953797,低位区制,0.006930475284632788,True
2017-07-31,M0001227,PPI,-0.11174831665868512,高位区制,0.9460297143615674,低位区制,0.008134273835882009,True
2017-08-31,M0001227,PPI,-0.08766173011992184,高位区制,0.9382362075104772,低位区制,0.005339957169782763,True
2017-09-30,M0001227,PPI,0.07378910975211572,高位区制,0.9534465098046486,低位区制,0.004616337602863825,True
2017-10-31,M0001227,PPI,0.15057847427063087,高位区制,0.9761951289324956,低位区制,0.004873476836402569,True
2017-11-30,M0001227,PPI,0.5027198430168711,高位区制,0.9969957998646966,低位区制,0.006691350969635017,True
2017-12-31,M0001227,PPI,0.8171586887313336,高位区制,0.999894775440533,低位区制,0.006951555766395719,True
2018-01-31,M0001227,PPI,0.7933562216762629,高位区制,0.9999400799751677,低位区制,0.005804225504430804,True
2018-02-28,M0001227,PPI,0.5327796014349085,高位区制,0.9994824491219343,低位区制,0.006491549887185071,True
2018-03-31,M0001227,PPI,0.39013908338881026,高位区制,0.9968391952241228,低位区制,0.008483095425495094,True
2018-04-30,M0001227,PPI,-0.10666949948073912,高位区制,0.9870325480856758,低位区制,0.013658187602205872,True
2018-05-31,M0001227,PPI,0.1420468465861452,高位区制,0.9911872261026614,低位区制,0.014288892452390175,True
2018-06-30,M0001227,PPI,0.3313296492394976,高位区制,0.9972394861113886,低位区制,0.016191192880650247,True
2018-07-31,M0001227,PPI,0.8231820688273153,高位区制,0.9999033417254566,低位区制,0.020553988996786017,True
2018-08-31,M0001227,PPI,0.7477489871335269,高位区制,0.9999363190480453,低位区制,0.016520824732364704,True
2018-09-30,M0001227,PPI,0.8016526448473594,高位区制,0.9999057135056255,低位区制,0.016690839340948452,True
2018-10-31,M0001227,PPI,0.7461172285451692,高位区制,0.9978762113734548,低位区制,0.020368492473065433,True
2018-11-30,M0001227,PPI,0.5841628010149291,高位区制,0.9364761615329902,低位区制,0.030751134617998242,True
2018-12-31,M0001227,PPI,-0.19433677734294538,低位区制,0.1912279512131931,低位区制,0.05382119474894288,True
2019-01-31,M0001227,PPI,-0.5190366760511507,低位区制,0.011346945690259262,低位区制,0.038705555372758556,True
2019-02-28,M0001227,PPI,-0.6842794638143233,低位区制,0.0004575411117724125,低位区制,0.024035509636501137,True
2019-03-31,M0001227,PPI,-0.422937688610724,低位区制,0.00030893918592103686,低位区制,0.01565866046029375,True
2019-04-30,M0001227,PPI,-0.14283787964293812,低位区制,0.0011600837751594166,低位区制,0.010765604230437768,True
2019-05-31,M0001227,PPI,-0.053005006950250635,低位区制,0.0022290143061717374,低位区制,0.007295253889801061,True
2019-06-30,M0001227,PPI,-0.16219731504895996,低位区制,0.002986808077426187,低位区制,0.006281402482960964,True
2019-07-31,M0001227,PPI,-0.060149005503928266,低位区制,0.007060321757881324,低位区制,0.0070063558478455894,True
2019-08-31,M0001227,PPI,0.3570024677569852,低位区制,0.015090956195844493,低位区制,0.00994421226461781,True
2019-09-30,M0001227,PPI,-0.0945445991271659,低位区制,0.005773165550510534,低位区制,0.010003021510530941,True
2019-10-31,M0001227,PPI,-0.18463632514427747,低位区制,0.0017270393612606493,低位区制,0.007444647510847551,True
2019-11-30,M0001227,PPI,-0.44551955727654424,低位区制,0.00029936357813196946,低位区制,0.007130984804303152,True
2019-12-31,M0001227,PPI,-0.5104290103841884,低位区制,0.00019452901960945429,低位区制,0.007073571002181558,True
2020-01-31,M0001227,PPI,-0.0905666073247578,低位区制,0.000996186345091759,低位区制,0.009066030520412533,True
2020-02-29,M0001227,PPI,-0.1371715981380639,低位区制,0.0008932373132031837,低位区制,0.009184326654838839,True
2020-03-31,M0001227,PPI,-0.3294344808805222,低位区制,0.0003631920516518752,低位区制,0.012101547874215121,True
2020-04-30,M0001227,PPI,-0.49082867553297627,低位区制,0.00014691272124384277,低位区制,0.017690850749840337,True
2020-05-31,M0001227,PPI,-0.7171207172209717,低位区制,5.69661448654915e-05,低位区制,0.028232073405942214,True
2020-06-30,M0001227,PPI,-0.48887645636654986,低位区制,0.00012921183590393147,低位区制,0.04321969021940954,True
2020-07-31,M0001227,PPI,-0.6304934251268993,低位区制,7.487951357344251e-05,低位区制,0.07126819284129696,True
2020-08-31,M0001227,PPI,-0.8400499656064427,低位区制,3.6669190772049095e-05,低位区制,0.12335336637702053,True
2020-09-30,M0001227,PPI,-0.8640143248479341,低位区制,0.00022553824122202357,低位区制,0.19985262353656583,True
2020-10-31,M0001227,PPI,-0.5615441026597142,低位区制,0.012083822139490557,低位区制,0.3649745672544543,True
2020-11-30,M0001227,PPI,-0.12448789561036311,低位区制,0.24419291441480553,高位区制,0.6225331078424935,True
2020-12-31,M0001227,PPI,0.6161634942359238,高位区制,0.9442711771540496,高位区制,0.8274757732161218,True
2021-01-31,M0001227,PPI,0.5040497956178916,高位区制,0.9922838773708571,高位区制,0.8341647027797583,True
2021-02-28,M0001227,PPI,0.41927191391831964,高位区制,0.9983237281586921,高位区制,0.8608889574248856,True
2021-03-31,M0001227,PPI,0.8859514787897841,高位区制,0.9999506281215083,高位区制,0.9262742450038071,True
2021-04-30,M0001227,PPI,1.1878707085165106,高位区制,0.9999959641469413,高位区制,0.9520334866942257,True
2021-05-31,M0001227,PPI,1.891705096456547,高位区制,0.999999969177019,高位区制,0.9743290746975513,True
2021-06-30,M0001227,PPI,1.8197461080214994,高位区制,0.9999999478940125,高位区制,0.9541480794752477,True
2021-07-31,M0001227,PPI,1.7011932303234258,高位区制,0.9999998777062196,高位区制,0.9473291135089916,True
2021-08-31,M0001227,PPI,1.5606835459233241,高位区制,0.9999996722829764,高位区制,0.9504011830864861,True
2021-09-30,M0001227,PPI,1.8468450968418328,高位区制,0.9999999572368806,高位区制,0.9656761048993285,True
2021-10-31,M0001227,PPI,1.9703964201673805,高位区制,0.9999999828389324,高位区制,0.975893759195235,True
2021-11-30,M0001227,PPI,1.2832482146503366,高位区制,0.9999974785491188,高位区制,0.9909154213170667,True
2021-12-31,M0001227,PPI,0.6130706504960344,高位区制,0.9996626936631108,高位区制,0.9971920638475007,True
2022-01-31,M0001227,PPI,-0.0024008099288528317,高位区制,0.9967446794340273,高位区制,0.999174177566516,True
2022-02-28,M0001227,PPI,0.9599582761950123,高位区制,0.9999362202540225,高位区制,0.9999784336129435,True
2022-03-31,M0001227,PPI,0.5727919764074085,高位区制,0.9992913068930264,高位区制,0.9985857335678824,True
2022-04-30,M0001227,PPI,0.898164046504508,高位区制,0.9933385903599474,高位区制,0.9987782852151244,True
2022-05-31,M0001227,PPI,0.12280597598185006,高位区制,0.5380818427227225,高位区制,0.9998308783422445,True
2022-06-30,M0001227,PPI,-0.7753718148366002,低位区制,0.04824006225627546,高位区制,0.9999831545267189,True
2022-07-31,M0001227,PPI,0.15244756432062911,低位区制,0.04302058005843201,高位区制,0.9996240971311324,True
2022-08-31,M0001227,PPI,0.1367767140622601,低位区制,0.03030785340835499,高位区制,0.9761501145652208,True
2022-09-30,M0001227,PPI,-0.053519654536747986,低位区制,0.011206345188258268,高位区制,0.9675528970585439,True
2022-10-31,M0001227,PPI,-0.36782634664567315,低位区制,0.0014183708422474016,高位区制,0.966177376409401,True
2022-11-30,M0001227,PPI,-0.5046177901790375,低位区制,0.00021025316669371513,高位区制,0.9674253188060011,True
2022-12-31,M0001227,PPI,-0.6405181461770506,低位区制,0.00012145710680501564,高位区制,0.976119083526193,True
2023-01-31,M0001227,PPI,0.010439510019681686,低位区制,0.0012093825583668204,高位区制,0.9955584515370027,True
2023-02-28,M0001227,PPI,-0.749763136182222,低位区制,0.0001578769732610689,高位区制,0.9995803936636024,True
2023-03-31,M0001227,PPI,0.12257877143091589,低位区制,0.002210853646478678,高位区制,0.9994727956441272,True
2023-04-30,M0001227,PPI,-0.3863551313993674,低位区制,0.00045011914632724147,高位区制,0.986965508647212,True
2023-05-31,M0001227,PPI,-0.3803530567927007,低位区制,0.00032920872607288736,高位区制,0.9608461913443329,True
2023-06-30,M0001227,PPI,-0.07451548486020143,低位区制,0.0008474314058399378,高位区制,0.9514734248920614,True
2023-07-31,M0001227,PPI,-0.8937630509489045,低位区制,4.0116062374808464e-05,高位区制,0.9467354930675875,True
2023-08-31,M0001227,PPI,-0.5531503719146943,低位区制,9.96640662341175e-05,高位区制,0.6641641314280193,True
2023-09-30,M0001227,PPI,-0.5929588339438188,低位区制,9.01875467279892e-05,低位区制,0.4603414392801108,True
2023-10-31,M0001227,PPI,-0.5507078367719127,低位区制,0.0001429881813937955,低位区制,0.3674132515459421,True
2023-11-30,M0001227,PPI,-0.25248111192856515,低位区制,0.0008465439877220434,低位区制,0.3285633513227699,True
2023-12-31,M0001227,PPI,-0.04317803699316347,低位区制,0.003040337380230616,低位区制,0.3036299097483834,True
2024-01-31,M0001227,PPI,0.1284072490834216,低位区制,0.0055195347099109325,低位区制,0.2938779652215412,True
2024-02-29,M0001227,PPI,0.05748981481547755,低位区制,0.0038621545882828387,低位区制,0.29721750367090255,True
2024-03-31,M0001227,PPI,-0.7569315992389491,低位区制,0.00013490958272761427,低位区制,0.32061688096895385,True
2024-04-30,M0001227,PPI,-0.8676145836423692,低位区制,3.168357254441597e-05,低位区制,0.1856296372502046,True
2024-05-31,M0001227,PPI,-0.6557609582846896,低位区制,7.120824170970489e-05,低位区制,0.11409242277209207,True
2024-06-30,M0001227,PPI,-0.41705622549357035,低位区制,0.00022982840575901,低位区制,0.07808074629873438,True
2024-07-31,M0001227,PPI,-0.11522310108382094,低位区制,0.0007106160111744174,低位区制,0.05834099287244028,True
2024-08-31,M0001227,PPI,-0.5249571987106694,低位区制,0.00014988747993288274,低位区制,0.044005254393035514,True
2024-09-30,M0001227,PPI,-0.6107860053616727,低位区制,8.353388351556021e-05,低位区制,0.022591648272018268,True
2024-10-31,M0001227,PPI,-0.6174171357593425,低位区制,7.938861953983e-05,低位区制,0.01218664609402165,True
2024-11-30,M0001227,PPI,-0.5658875135241841,低位区制,9.617610738145056e-05,低位区制,0.007743792791681756,True
2024-12-31,M0001227,PPI,-0.6077676482649575,低位区制,7.97119744638833e-05,低位区制,0.0063426144638019715,True
2025-01-31,M0001227,PPI,-0.9918909971247739,低位区制,1.9570245683395012e-05,低位区制,0.0068274201736648835,True
2025-02-28,M0001227,PPI,-0.8418928645710785,低位区制,3.198423989933169e-05,低位区制,0.004610821505167937,True
2025-03-31,M0001227,PPI,-0.8704416718175403,低位区制,3.19319072709107e-05,低位区制,0.004044961142804735,True
2025-04-30,M0001227,PPI,-0.38217960371905935,低位区制,0.00021188088570459464,低位区制,0.004702869100657293,True
2025-05-31,M0001227,PPI,-0.38732967238209837,低位区制,0.000213220852517123,低位区制,0.0030299224067581697,True
2025-06-30,M0001227,PPI,-0.593809737816674,低位区制,9.044553954499627e-05,低位区制,0.0025549536408210156,True
2025-07-31,M0001227,PPI,-0.763507752669949,低位区制,4.478751618010577e-05,低位区制,0.0020923494337230135,True
2025-08-31,M0001227,PPI,-0.7034656435474429,低位区制,5.5473748370987687e-05,低位区制,0.0016614409147833898,True
2025-09-30,M0001227,PPI,-0.6102077703431411,低位区制,8.108117995922346e-05,低位区制,0.0017280433653320652,True
2025-10-31,M0001227,PPI,-0.581114058558973,低位区制,0.00011099671614269187,低位区制,0.00231269071443451,True
2025-11-30,M0001227,PPI,-0.37539888460996684,低位区制,0.0005161030681266459,低位区制,0.0038454993158855803,True
2025-12-31,M0001227,PPI,-0.38322038256038815,低位区制,0.003044410038549371,低位区制,0.006560473525918979,True
2026-01-31,M0001227,PPI,0.016498860955167616,低位区制,0.026906743204952222,低位区制,0.012858388904003312,True
2026-02-28,M0001227,PPI,-0.021407445504673106,低位区制,0.0615446617629638,低位区制,0.017168351796314697,True
2026-03-31,M0001227,PPI,0.27297819861890094,低位区制,0.12548825124738708,低位区制,0.028205810800903418,True
