date,growth_prob,inflation_prob,growth_high,inflation_high,model_quadrant,model,actual_growth_score,actual_inflation_score,actual_growth_high,actual_inflation_high,actual_quadrant,growth_match,inflation_match,quadrant_match
2006-01-31,0.8142647412964157,0.6207694577207842,True,True,过热,模型A：均值—方差切换,0.4073169104522778,0.14973398492933282,True,True,过热,True,True,True
2006-02-28,0.9027423704259808,0.4856169914187325,True,False,复苏,模型A：均值—方差切换,0.9470466006893414,-0.11791458440576813,True,False,复苏,True,True,True
2006-03-31,0.9999986753382015,0.4818742469617201,True,False,复苏,模型A：均值—方差切换,1.3914776275827943,-0.20186302390600258,True,False,复苏,True,True,True
2006-04-30,0.9999864707283586,0.4874341125619484,True,False,复苏,模型A：均值—方差切换,1.8388254925569156,-0.1652856863123435,True,False,复苏,True,True,True
2006-05-31,0.9999996802331241,0.498124415849474,True,False,复苏,模型A：均值—方差切换,1.3033696278433267,-0.05058283760650184,True,False,复苏,True,True,True
2006-06-30,0.9999967654143247,0.49981570967269007,True,False,复苏,模型A：均值—方差切换,1.2850858079075551,0.0965335128686027,True,True,过热,True,False,False
2006-07-31,0.9985173780969402,0.4999859164662457,True,False,复苏,模型A：均值—方差切换,0.7595517784807821,-0.028425100083176558,True,False,复苏,True,True,True
2006-08-31,0.9988583369489995,0.4998435637269375,True,False,复苏,模型A：均值—方差切换,0.8210139736355202,0.03059185859950278,True,True,过热,True,False,False
2006-09-30,0.9999834881048048,0.49992805633963266,True,False,复苏,模型A：均值—方差切换,1.593173842867329,0.09431709493965987,True,True,过热,True,False,False
2006-10-31,0.9975725301193907,0.5013611715514404,True,True,过热,模型A：均值—方差切换,1.0540240808869885,0.0015029837236540944,True,True,过热,True,True,True
2006-11-30,0.9961164963090676,0.5172036955567622,True,True,过热,模型A：均值—方差切换,1.1827821473577962,0.1198123428886049,True,True,过热,True,True,True
2006-12-31,0.9973565712320214,0.522384072449523,True,True,过热,模型A：均值—方差切换,1.0730849600088463,0.39216918988118366,True,True,过热,True,True,True
2007-01-31,0.9999999755101017,0.5081030612798337,True,True,过热,模型A：均值—方差切换,1.8506268239441583,0.25640392908428256,True,True,过热,True,True,True
2007-02-28,0.9587796323423244,0.5510640287462757,True,True,过热,模型A：均值—方差切换,0.5979257016708673,0.31043716830989204,True,True,过热,True,True,True
2007-03-31,0.9999651026099681,0.9295406086286879,True,True,过热,模型A：均值—方差切换,1.5295718688180115,0.47944869804093515,True,True,过热,True,True,True
2007-04-30,0.9999964377104663,0.9697642411287796,True,True,过热,模型A：均值—方差切换,1.99170105512483,0.4226481572871987,True,True,过热,True,True,True
2007-05-31,0.9999997557313556,0.988383899133628,True,True,过热,模型A：均值—方差切换,1.4893103316797136,0.5168523610333707,True,True,过热,True,True,True
2007-06-30,0.9999991730027008,0.9984646858218555,True,True,过热,模型A：均值—方差切换,1.3541329285251633,0.7457136166119728,True,True,过热,True,True,True
2007-07-31,0.9998491741134092,0.9981926766955174,True,True,过热,模型A：均值—方差切换,1.02465283688527,1.0515986161043882,True,True,过热,True,True,True
2007-08-31,0.9999050411849835,0.9982819202103399,True,True,过热,模型A：均值—方差切换,1.1220970113891457,1.3106569555233105,True,True,过热,True,True,True
2007-09-30,0.9999998745955015,0.9987252209526417,True,True,过热,模型A：均值—方差切换,1.623125015125769,1.2427743251248597,True,True,过热,True,True,True
2007-10-31,0.9997498243790341,0.999841197708777,True,True,过热,模型A：均值—方差切换,0.9983955618935847,1.3771494933915946,True,True,过热,True,True,True
2007-11-30,0.9999975669535697,0.9998985007075957,True,True,过热,模型A：均值—方差切换,1.3745565273555158,1.63204399698612,True,True,过热,True,True,True
2007-12-31,0.999977174520424,0.9999860339731073,True,True,过热,模型A：均值—方差切换,1.362692044103484,1.6242800924687175,True,True,过热,True,True,True
2008-01-31,0.9987349547408466,0.9999941676124217,True,True,过热,模型A：均值—方差切换,0.7803639069041786,1.8564595331746305,True,True,过热,True,True,True
2008-02-29,0.9973199666696457,0.9999980637423349,True,True,过热,模型A：均值—方差切换,0.8566074233916141,2.335231572890688,True,True,过热,True,True,True
2008-03-31,0.9999898277956714,0.9999806800619508,True,True,过热,模型A：均值—方差切换,1.982364880360422,2.377337071774499,True,True,过热,True,True,True
2008-04-30,0.9987982976711558,0.9999605333655104,True,True,过热,模型A：均值—方差切换,1.9837276000689164,2.4488197708659554,True,True,过热,True,True,True
2008-05-31,0.9964265073062883,0.9999901103695894,True,True,过热,模型A：均值—方差切换,0.8807249194887199,2.2493292737288977,True,True,过热,True,True,True
2008-06-30,0.9848031291961463,0.99998332547531,True,True,过热,模型A：均值—方差切换,0.6329334909045541,2.160108789439795,True,True,过热,True,True,True
2008-07-31,0.8648840272568064,0.9976635416255192,True,True,过热,模型A：均值—方差切换,-0.14681130379012597,2.08141306943012,False,True,滞胀,False,True,False
2008-08-31,0.6777737710434836,0.9125918989329816,True,True,过热,模型A：均值—方差切换,-0.2835428253168486,1.7162356694554328,False,True,滞胀,False,True,False
2008-09-30,0.6555569647896662,0.6312522287912319,True,True,过热,模型A：均值—方差切换,0.14941224791761745,1.5342075157164277,True,True,过热,True,True,True
2008-10-31,0.7990070214265584,0.45397567587181786,True,False,复苏,模型A：均值—方差切换,-1.338890441959554,1.0947929986543619,False,True,滞胀,False,False,False
2008-11-30,0.9994907669573382,0.007887472326737612,True,False,复苏,模型A：均值—方差切换,-2.645920515382544,0.16387170143397173,False,True,滞胀,False,False,False
2008-12-31,0.9999317437254008,8.830816020771233e-05,True,False,复苏,模型A：均值—方差切换,-2.1668702288484454,-0.4988565846182359,False,False,衰退,False,True,False
2009-01-31,0.999999999999658,1.5200525331830812e-06,True,False,复苏,模型A：均值—方差切换,-2.006423148418344,-0.7964139124618592,False,False,衰退,False,True,False
2009-02-28,0.6319126130549109,6.606273222989788e-07,True,False,复苏,模型A：均值—方差切换,-0.29871267624259,-1.6048942235234163,False,False,衰退,False,True,False
2009-03-31,0.5921772987221223,2.6415165472837534e-07,True,False,复苏,模型A：均值—方差切换,0.1550545254152711,-1.6691639016966549,True,False,复苏,True,True,True
2009-04-30,0.5880501994103426,6.10282536350702e-07,True,False,复苏,模型A：均值—方差切换,0.2927602370574446,-1.8146211596081034,True,False,复苏,True,True,True
2009-05-31,0.578264555255844,5.74069506133134e-07,True,False,复苏,模型A：均值—方差切换,0.33165905448724936,-1.8547921241286662,True,False,复苏,True,True,True
2009-06-30,0.6780445889346208,1.5705679822866142e-05,True,False,复苏,模型A：均值—方差切换,0.48025505926600376,-2.0002493820401153,True,False,复苏,True,True,True
2009-07-31,0.9126949332346661,0.003484444332292407,True,False,复苏,模型A：均值—方差切换,0.5065123342576892,-2.0708993139666925,True,False,复苏,True,True,True
2009-08-31,0.9997939717532627,0.018862226873934646,True,False,复苏,模型A：均值—方差切换,0.7478844261581151,-1.8752907690883358,True,False,复苏,True,True,True
2009-09-30,0.9999999999559023,0.13150458073059632,True,False,复苏,模型A：均值—方差切换,0.9202093974409316,-1.6735902957884377,True,False,复苏,True,True,True
2009-10-31,0.999999999999972,0.6467655247170617,True,True,过热,模型A：均值—方差切换,1.2500780186738685,-1.468289753795533,True,False,复苏,True,False,False
2009-11-30,0.9999999999999901,0.9854166851095405,True,True,过热,模型A：均值—方差切换,1.4731662906385212,-0.760957667364877,True,False,复苏,True,False,False
2009-12-31,0.9999999999999997,0.9984430231107106,True,True,过热,模型A：均值—方差切换,1.689643827255754,0.00012577472569336862,True,True,过热,True,True,True
2010-01-31,0.9999999999975914,0.9851783471892688,True,True,过热,模型A：均值—方差切换,2.307171152352425,0.185190230026315,True,True,过热,True,True,True
2010-02-28,0.998233984460318,0.9962912778523845,True,True,过热,模型A：均值—方差切换,0.4026488230700737,0.6196274693974135,True,True,过热,True,True,True
2010-03-31,0.9999999623562642,0.9888561743226489,True,True,过热,模型A：均值—方差切换,1.3749450569485597,0.5982896155067619,True,True,过热,True,True,True
2010-04-30,0.9999999993157732,0.9210302360767288,True,True,过热,模型A：均值—方差切换,1.4677211440702311,0.8033147157000743,True,True,过热,True,True,True
2010-05-31,0.9988916644757392,0.7244705550195909,True,True,过热,模型A：均值—方差切换,1.0310721735690114,0.9177421226063239,True,True,过热,True,True,True
2010-06-30,0.8840653582020003,0.5497175535962675,True,True,过热,模型A：均值—方差切换,0.48647726502038047,0.7853079304689398,True,True,过热,True,True,True
2010-07-31,0.653370498416281,0.024669283908584947,True,False,复苏,模型A：均值—方差切换,0.29334016531416773,0.7166054164378155,True,True,过热,True,False,False
2010-08-31,0.5134324689061033,0.0004991567174087992,True,False,复苏,模型A：均值—方差切换,0.42462654027260005,0.7116216969807456,True,True,过热,True,False,False
2010-09-30,0.506839718773366,0.011712229172989705,True,False,复苏,模型A：均值—方差切换,0.7817266266126719,0.7390514792929386,True,True,过热,True,False,False
2010-10-31,0.5060960390980371,0.1534883553860223,True,False,复苏,模型A：均值—方差切换,0.9388817469697484,1.0283069025521807,True,True,过热,True,False,False
2010-11-30,0.511236420226052,0.6857430408512485,True,True,过热,模型A：均值—方差切换,1.0485789343186982,1.3255952303623142,True,True,过热,True,True,True
2010-12-31,0.5367896976186494,0.8715021591840704,True,True,过热,模型A：均值—方差切换,0.815180297474186,1.1795806470855785,True,True,过热,True,True,True
2011-01-31,0.6867330741499694,0.9941777192037939,True,True,过热,模型A：均值—方差切换,0.6101787145159416,1.3327953677483273,True,True,过热,True,True,True
2011-02-28,0.9582631323329912,0.9999107798297528,True,True,过热,模型A：均值—方差切换,0.5918948945801699,1.414194024783023,True,True,过热,True,True,True
2011-03-31,0.9866983004911438,0.9999665655840018,True,True,过热,模型A：均值—方差切换,0.8134290481726489,1.5386114034952918,True,True,过热,True,True,True
2011-04-30,0.9316988830207176,0.9999475196893683,True,True,过热,模型A：均值—方差切换,0.617375110385769,1.4740437506305817,True,True,过热,True,True,True
2011-05-31,0.661724415611478,0.9999564458251704,True,True,过热,模型A：均值—方差切换,0.43863080241921126,1.5157290141617712,True,True,过热,True,True,True
2011-06-30,0.5297035372444951,0.9999587726792668,True,True,过热,模型A：均值—方差切换,0.3584962577356578,1.7734011261101885,True,True,过热,True,True,True
2011-07-31,0.5056687364903365,0.999833754676153,True,True,过热,模型A：均值—方差切换,0.24121414492383803,1.8452146130318,True,True,过热,True,True,True
2011-08-31,0.5006341555133912,0.999853723244015,True,True,过热,模型A：均值—方差切换,0.24335392381841756,1.7341118330189649,True,True,过热,True,True,True
2011-09-30,0.5001725399206415,0.9787974669961186,True,True,过热,模型A：均值—方差切换,0.32212574879347783,1.6311024570004662,True,True,过热,True,True,True
2011-10-31,0.49353021074313264,0.8853545720257499,False,True,滞胀,模型A：均值—方差切换,0.12646034059964023,1.3120952948518458,True,True,过热,False,True,False
2011-11-30,0.4886655371211287,0.31460943228663285,False,False,衰退,模型A：均值—方差切换,-0.1979631340650048,0.7251396694363021,False,True,滞胀,True,False,False
2011-12-31,0.49743267818886605,0.13060766582133124,False,False,衰退,模型A：均值—方差切换,0.07861387799847105,0.5701957074067794,True,True,过热,False,False,False
2012-01-31,0.5261412745652699,0.06253747582723784,True,False,复苏,模型A：均值—方差切换,-0.602903950740562,0.5769904122127272,False,True,滞胀,False,False,False
2012-02-29,0.5918504991641641,0.00026874884190569346,True,False,复苏,模型A：均值—方差切换,0.8237336807868229,0.157235331179349,True,True,过热,True,False,False
2012-03-31,0.5757231081942183,3.268207466895056e-05,True,False,复苏,模型A：均值—方差切换,0.5475509305820748,0.22373431081373601,True,True,过热,True,False,False
2012-04-30,0.45447754333350937,0.00012383515202016773,False,False,衰退,模型A：均值—方差切换,0.3985663962102765,0.12897922346837956,True,True,过热,False,False,False
2012-05-31,0.0809693265310107,0.00026990647788471773,False,False,衰退,模型A：均值—方差切换,-0.13260991071415026,-0.05388169743550478,False,False,衰退,True,True,True
2012-06-30,0.015746033453979777,0.000739641056970131,False,False,衰退,模型A：均值—方差切换,-0.17792806482769483,-0.3398124938013325,False,False,衰退,True,True,True
2012-07-31,0.004456004959090629,0.006871417215097321,False,False,衰退,模型A：均值—方差切换,-0.21857813155903663,-0.5326472953854595,False,False,衰退,True,True,True
2012-08-31,0.0029279038538601253,0.007291795232450409,False,False,衰退,模型A：均值—方差切换,-0.41171523126524934,-0.5476048955227719,False,False,衰退,True,True,True
2012-09-30,0.0033269221655559057,0.0005131246201736544,False,False,衰退,模型A：均值—方差切换,-0.27576076892461426,-0.5816839316217933,False,False,衰退,True,True,True
2012-10-31,0.004883590277464179,0.0006113308134257603,False,False,衰退,模型A：均值—方差切换,-0.17073166895786734,-0.5467785701239956,False,False,衰退,True,True,True
2012-11-30,0.023279730912762774,0.0014227564779784178,False,False,衰退,模型A：均值—方差切换,-0.05850617312129425,-0.4057541480704324,False,False,衰退,True,True,True
2012-12-31,0.15892467815133815,0.010784282765762718,False,False,衰退,模型A：均值—方差切换,-0.044113381381639144,-0.24533284825556823,False,False,衰退,True,True,True
2013-01-31,0.5002580098863211,0.03228662328907846,True,False,复苏,模型A：均值—方差切换,0.45029815474187834,-0.3356663661889787,True,False,复苏,True,True,True
2013-02-28,0.49954817445726435,0.34373667274132763,False,False,衰退,模型A：均值—方差切换,-0.7223258424469626,-0.02151568540005505,False,False,衰退,True,True,True
2013-03-31,0.10488967522738804,0.3218955853120474,False,False,衰退,模型A：均值—方差切换,-0.08768028619364807,-0.35640448201521896,False,False,衰退,True,True,True
2013-04-30,0.030551529478684246,0.19311057233659332,False,False,衰退,模型A：均值—方差切换,-0.11607734007991428,-0.3506713298826786,False,False,衰退,True,True,True
2013-05-31,0.010311489607905506,0.038136744859861266,False,False,衰退,模型A：均值—方差切换,-0.08515197770602481,-0.4541826852359016,False,False,衰退,True,True,True
2013-06-30,0.004898827796593981,0.0220385664977372,False,False,衰退,模型A：均值—方差切换,-0.2401673191685191,-0.28523120003783187,False,False,衰退,True,True,True
2013-07-31,0.006492029354625675,0.006677416571221819,False,False,衰退,模型A：均值—方差切换,-0.144474393966182,-0.23607788488474135,False,False,衰退,True,True,True
2013-08-31,0.009456580401701732,0.000376332222963741,False,False,衰退,模型A：均值—方差切换,0.03932653097562388,-0.19233999354290074,True,False,复苏,False,True,False
2013-09-30,0.006110873421720326,0.001563599009548026,False,False,衰退,模型A：均值—方差切换,0.04399461835782799,-0.03357154708120896,True,False,复苏,False,True,False
2013-10-31,0.013387197113312379,0.0005348506152081436,False,False,衰退,模型A：均值—方差切换,0.1083736515932319,-0.011902198095079308,True,False,复苏,False,True,False
2013-11-30,0.016213234232281312,0.006233996891163022,False,False,衰退,模型A：均值—方差切换,0.08678446398374931,-0.05136023216185781,True,False,复苏,False,True,False
2013-12-31,0.007557289134700664,0.0039611939746705595,False,False,衰退,模型A：均值—方差切换,-0.011048240113168802,-0.1813989087697473,False,False,衰退,True,True,True
2014-01-31,0.004127986938354246,0.0049728332622628185,False,False,衰退,模型A：均值—方差切换,-0.19270938616039368,-0.2157452780167594,False,False,衰退,True,True,True
2014-02-28,0.002675036045278634,0.00016803255240813178,False,False,衰退,模型A：均值—方差切换,-0.22830283591648737,-0.3964612181480402,False,False,衰退,True,True,True
2014-03-31,0.002212639746918517,9.441050922428444e-05,False,False,衰退,模型A：均值—方差切换,-0.2092419567946295,-0.3157613831763636,False,False,衰退,True,True,True
2014-04-30,0.0018977931343882668,3.774420174442086e-05,False,False,衰退,模型A：均值—方差切换,-0.1973774735425979,-0.43633006121465734,False,False,衰退,True,True,True
2014-05-31,0.0020069772489072057,0.00010965437504308969,False,False,衰退,模型A：均值—方差切换,-0.11393756118533477,-0.1966066509191925,False,False,衰退,True,True,True
2014-06-30,0.0024418457234149024,0.00013292352528522787,False,False,衰退,模型A：均值—方差切换,-0.04703021946230637,-0.19640390620419962,False,False,衰退,True,True,True
2014-07-31,0.0028410491811073687,0.0001798883722282998,False,False,衰退,模型A：均值—方差切换,0.07200314265105183,-0.18316024353229737,True,False,复苏,False,True,False
2014-08-31,0.002321817435329382,0.0006143416049849464,False,False,衰退,模型A：均值—方差切换,-0.1934864453464799,-0.2977496342044339,False,False,衰退,True,True,True
2014-09-30,0.0018177627323719674,0.00035907409782249525,False,False,衰退,模型A：均值—方差切换,-0.11432609077837727,-0.45942932185326013,False,False,衰退,True,True,True
2014-10-31,0.0016421667569335916,0.0005664164946194727,False,False,衰退,模型A：均值—方差切换,-0.19309791575343743,-0.5154940385224313,False,False,衰退,True,True,True
2014-11-30,0.0019550939037594295,9.872960619777187e-05,False,False,衰退,模型A：均值—方差切换,-0.3243842907118698,-0.6079517476002578,False,False,衰退,True,True,True
2014-12-31,0.005078737502322063,0.00013065527720167234,False,False,衰退,模型A：均值—方差切换,-0.31213127786679423,-0.6594754704194186,False,False,衰退,True,True,True
2015-01-31,0.02702749941361872,5.532896216410697e-06,False,False,衰退,模型A：均值—方差切换,-0.2469751854453042,-0.966103902442193,False,False,衰退,True,True,True
2015-02-28,0.06796390976056585,1.0059750207896481e-05,False,False,衰退,模型A：均值—方差切换,-0.6596980585130958,-0.8433659394567119,False,False,衰退,True,True,True
2015-03-31,0.021386616050910065,9.00905761589063e-06,False,False,衰退,模型A：均值—方差切换,-0.47764838287282707,-0.8316239707910955,False,False,衰退,True,True,True
2015-04-30,0.005703976590365867,9.99773600547189e-05,False,False,衰退,模型A：均值—方差切换,-0.4560591952633445,-0.7978893284552379,False,False,衰退,True,True,True
2015-05-31,0.0024008816049779567,0.00013634591898817363,False,False,衰退,模型A：均值—方差切换,-0.4226055244018303,-0.8749655880093733,False,False,衰退,True,True,True
2015-06-30,0.0016085951696335268,0.00016708986795358207,False,False,衰退,模型A：均值—方差切换,-0.3722307533130377,-0.8557092641960056,False,False,衰退,True,True,True
2015-07-31,0.0016933122117365183,0.0002553791424400666,False,False,衰退,模型A：均值—方差切换,-0.46792367851537625,-0.8498039222881234,False,False,衰退,True,True,True
2015-08-31,0.0018398350354801732,0.0003244324621918413,False,False,衰退,模型A：均值—方差切换,-0.517909920011125,-0.8300465209872856,False,False,衰退,True,True,True
2015-09-30,0.0024152955101773566,0.0009792272122960586,False,False,衰退,模型A：均值—方差切换,-0.5276346243685772,-0.927222847883159,False,False,衰退,True,True,True
2015-10-31,0.0018422832797011356,4.182359761110405e-05,False,False,衰退,模型A：均值—方差切换,-0.5348310202384048,-1.0086233112702596,False,False,衰退,True,True,True
2015-11-30,0.001547506336253331,2.808152104659569e-05,False,False,衰退,模型A：均值—方差切换,-0.5297744032631567,-0.9511896382255313,False,False,衰退,True,True,True
2015-12-31,0.0015376398409531165,1.8337586779090622e-05,False,False,衰退,模型A：均值—方差切换,-0.53230271175078,-0.9210777583157378,False,False,衰退,True,True,True
2016-01-31,0.0016972018817641348,0.0002466242807851465,False,False,衰退,模型A：均值—方差切换,-0.5919519857646998,-0.8019420737520105,False,False,衰退,True,True,True
2016-02-29,0.0024233171779880973,0.0006054586829367182,False,False,衰退,模型A：均值—方差切换,-0.7371936103205784,-0.6260058484345469,False,False,衰退,True,True,True
2016-03-31,0.0017089869956339616,0.0002729028792625422,False,False,衰退,模型A：均值—方差切换,-0.3722307533130377,-0.5591471774809957,False,False,衰退,True,True,True
2016-04-30,0.0014824449446278341,0.0002307448464058907,False,False,衰退,模型A：均值—方差切换,-0.44886279939351703,-0.4524399973504935,False,False,衰退,True,True,True
2016-05-31,0.001449559808804186,0.000664762270137836,False,False,衰退,模型A：均值—方差切换,-0.44886279939351703,-0.4619815355488387,False,False,衰退,True,True,True
2016-06-30,0.0014617126789748841,0.0035800758779808827,False,False,衰退,模型A：均值—方差切换,-0.4535308867757212,-0.4817992128860926,False,False,衰退,True,True,True
2016-07-31,0.0014995494039914145,0.017812283386730122,False,False,衰退,模型A：均值—方差切换,-0.48698455763723547,-0.41216965383612497,False,False,衰退,True,True,True
2016-08-31,0.0017979742034752721,0.07436667285708318,False,False,衰退,模型A：均值—方差切换,-0.3700909744184582,-0.4243870271108974,False,False,衰退,True,True,True
2016-09-30,0.0029949332759213916,0.16903282768640376,False,False,衰退,模型A：均值—方差切换,-0.38448376615811325,-0.171863858164421,False,False,衰退,True,True,True
2016-10-31,0.008866004842728958,0.38833684234878263,False,False,衰退,模型A：均值—方差切换,-0.23199673318324085,-0.00370834017021693,False,False,衰退,True,True,True
2016-11-30,0.017140100410354783,0.4853302176094833,False,False,衰退,模型A：均值—方差切换,-0.12949594170411854,0.27015905688433484,False,True,滞胀,True,False,False
2016-12-31,0.03041639379335104,0.4997779899384077,False,False,衰退,模型A：均值—方差切换,-0.20107137080935125,0.46771460289156164,False,True,滞胀,True,False,False
2017-01-31,0.12229897199377616,0.5011432295579346,False,True,滞胀,模型A：均值—方差切换,-0.4405398644343526,0.7472359241428772,False,True,滞胀,True,True,True
2017-02-28,0.17492735156053651,0.5000153141140267,False,True,滞胀,模型A：均值—方差切换,0.14812042798831604,0.3865959362283126,True,True,过热,False,True,False
2017-03-31,0.05423152036431124,0.500014529703969,False,True,滞胀,模型A：均值—方差切换,-0.009685520404675532,0.3907533302866061,False,True,滞胀,True,True,True
2017-04-30,0.01896484794815002,0.5000973711721551,False,True,滞胀,模型A：均值—方差切换,-0.20321114970393075,0.3367329745932023,False,True,滞胀,True,True,True
2017-05-31,0.013404888217500209,0.49942686074421594,False,False,衰退,模型A：均值—方差切换,-0.20321114970393075,0.31595888783394055,False,True,滞胀,True,False,False
2017-06-30,0.01545080407118514,0.4945190029058104,False,False,衰退,模型A：均值—方差切换,-0.028746399526533406,0.31595888783394055,False,True,滞胀,True,False,False
2017-07-31,0.014570411399788227,0.47301613157919903,False,False,衰退,模型A：均值—方差切换,-0.17228578733004118,0.289637314486219,False,True,滞胀,True,False,False
2017-08-31,0.01923190548271649,0.4691601669744379,False,False,衰退,模型A：均值—方差切换,-0.1438887334437736,0.4835803250348174,False,True,滞胀,True,False,False
2017-09-30,0.02473582544024201,0.47683653734053516,False,False,衰退,模型A：均值—方差切换,0.03271579562820329,0.49742971620765863,True,True,过热,False,False,False
2017-10-31,0.014852243385256056,0.5304390133471109,False,True,滞胀,模型A：均值—方差切换,-0.14855682082597776,0.5763944362508232,False,True,滞胀,True,True,True
2017-11-30,0.018367589564278496,0.5391494191143941,False,True,滞胀,模型A：均值—方差切换,-0.11763145845208824,0.40184830346352574,False,True,滞胀,True,True,True
2017-12-31,0.07092029674986541,0.5122432652131922,False,True,滞胀,模型A：均值—方差切换,-0.14855682082597776,0.328431070008821,False,True,滞胀,True,True,True
2018-01-31,0.5016422405056725,0.5000062162856768,True,True,过热,模型A：均值—方差切换,0.45881179037162495,0.18297381209737215,True,True,过热,True,True,True
2018-02-28,0.500701353375932,0.5003783112780394,True,True,过热,模型A：均值—方差切换,-0.9950799659966264,0.48498330109718946,False,True,滞胀,False,True,False
2018-03-31,0.07052500311198132,0.49866458292149124,False,False,衰退,模型A：均值—方差切换,-0.18201049168749203,0.20791817644713298,False,True,滞胀,True,False,False
2018-04-30,0.012347738945892785,0.4935470141552874,False,False,衰退,模型A：均值—方差切换,-0.12910741211107613,0.16219972533811045,False,True,滞胀,True,False,False
2018-05-31,0.004099774506232921,0.4956465889184156,False,False,衰退,模型A：均值—方差切换,-0.048195808241436405,0.23977435285110865,False,True,滞胀,True,False,False
2018-06-30,0.0024313586863763366,0.49865357983587594,False,False,衰退,模型A：均值—方差切换,-0.18201049168749203,0.3325884640671144,False,True,滞胀,True,False,False
2018-07-31,0.0018372149538381964,0.5001950664621574,False,True,滞胀,模型A：均值—方差切换,-0.23919312905306833,0.37414952111784344,False,True,滞胀,True,True,True
2018-08-31,0.0018461508227685275,0.5004751031879682,False,True,滞胀,模型A：均值—方差切换,-0.212935854061383,0.3713822195897163,False,True,滞胀,True,True,True
2018-09-30,0.003061492809046214,0.5019557192688088,False,True,滞胀,模型A：均值—方差切换,-0.32982943728016023,0.3686149180615893,False,True,滞胀,True,True,True
2018-10-31,0.0017082342632956566,0.49895053740718254,False,False,衰退,模型A：均值—方差切换,-0.4369983161414853,0.3353686491274471,False,True,滞胀,True,False,False
2018-11-30,0.0016903486109912987,0.4682904375387603,False,False,衰退,模型A：均值—方差切换,-0.5111020537343414,0.1899113912159984,False,True,滞胀,True,False,False
2018-12-31,0.002566344720105158,0.09587458723163947,False,False,衰退,模型A：均值—方差切换,-0.6038781408560128,-0.08853094243201891,False,False,衰退,True,True,True
2019-01-31,0.00480609039551801,0.006266066395379747,False,False,衰退,模型A：均值—方差切换,-0.5058186101812459,-0.22983080628517422,False,False,衰退,True,True,True
2019-02-28,0.01486508438225699,0.0002705869746614243,False,False,衰退,模型A：均值—方差切换,-0.810343964295307,-0.2824739529806173,False,False,衰退,True,True,True
2019-03-31,0.009230811070366496,0.0002623459455035368,False,False,衰退,模型A：均值—方差切换,-0.19270938616039368,-0.03865509726470297,False,False,衰退,True,True,True
2019-04-30,0.0029522370107324166,0.0007385163650218894,False,False,衰退,模型A：均值—方差切换,-0.4920411746124821,0.06939849765431033,False,True,滞胀,True,False,False
2019-05-31,0.002377032579123339,0.0024262751220312916,False,False,衰退,模型A：均值—方差切换,-0.6542529119448053,0.08879537541561133,False,True,滞胀,True,False,False
2019-06-30,0.0018823344295486582,0.021733551842973566,False,False,衰退,模型A：均值—方差切换,-0.5606997656370477,0.02230283754732712,False,True,滞胀,True,False,False
2019-07-31,0.002237485177962027,0.1985192267108329,False,False,衰退,模型A：均值—方差切换,-0.6114630663188827,0.015378141960906477,False,True,滞胀,True,False,False
2019-08-31,0.002665761089991468,0.4256827615657303,False,False,衰退,模型A：均值—方差切换,-0.6783704080419112,-0.040032306262663714,False,False,衰退,True,True,True
2019-09-30,0.002043231250461758,0.49285976832287737,False,False,衰退,模型A：均值—方差切换,-0.5204382284987497,-0.031717518146076734,False,False,衰退,True,True,True
2019-10-31,0.004132496831623384,0.5005920806297953,False,True,滞胀,模型A：均值—方差切换,-0.6949029786761471,0.13452671005683936,False,True,滞胀,True,True,True
2019-11-30,0.014142925727509175,0.499912171277568,False,False,衰退,模型A：均值—方差切换,-0.41540912853200274,0.3409419027803183,False,True,滞胀,True,False,False
2019-12-31,0.08926282092521633,0.499471765663052,False,False,衰退,模型A：均值—方差切换,-0.36503435744321017,0.4406807095827446,False,True,滞胀,True,False,False
2020-01-31,0.5902334623507622,0.5003966672844739,True,True,过热,模型A：均值—方差切换,-1.2101253338652522,0.7440674075805226,False,True,滞胀,False,True,False
2020-02-29,1.0,0.5000463747513995,True,True,过热,模型A：均值—方差切换,-5.486908606904992,0.6360138126615094,False,True,滞胀,False,True,False
2020-03-31,0.9455850045194087,0.4745683241199358,True,False,复苏,模型A：均值—方差切换,-0.5976502028359507,0.27721666644016113,False,True,滞胀,False,False,False
2020-04-30,0.3876010350397785,0.2313408611390851,False,False,衰退,模型A：均值—方差切换,-0.466560958806883,-0.16331250135247888,False,False,衰退,True,True,True
2020-05-31,0.2315604241172513,0.007658788512658736,False,False,衰退,模型A：均值—方差切换,-0.4687007377014625,-0.4666991993502568,False,False,衰退,True,True,True
2020-06-30,0.20404792229587954,8.481187275904183e-05,False,False,衰退,模型A：均值—方差切换,-0.38273251685657617,-0.362802998489537,False,False,衰退,True,True,True
2020-07-31,0.21944385492493568,3.7940847469488844e-05,False,False,衰退,模型A：均值—方差切换,-0.3446107586128577,-0.24366731392580968,False,False,衰退,True,True,True
2020-08-31,0.2847866256015778,1.9108667800277232e-05,False,False,衰退,模型A：均值—方差切换,-0.3061004707760968,-0.27830367539011824,False,False,衰退,True,True,True
2020-09-30,0.5863489147963661,0.00011278351671997988,True,False,复苏,模型A：均值—方差切换,-0.11724292885904439,-0.473636778468883,False,False,衰退,False,True,False
2020-10-31,0.9993486207514493,0.006041912716394189,True,False,复苏,模型A：均值—方差切换,-0.1363038079809036,-0.7894956586415414,False,False,衰退,False,True,False
2020-11-30,0.9989789308460807,0.12209646937065617,True,False,复苏,模型A：均值—方差切换,0.004318741741937054,-0.9862188542504726,True,False,复苏,True,True,True
2020-12-31,0.9970837710839549,0.4722008234617062,True,False,复苏,模型A：均值—方差切换,-0.012213828892298856,-0.6800648547245673,False,False,衰退,False,True,False
2021-01-31,0.9979438843505947,0.49625229152616845,True,False,复苏,模型A：均值—方差切换,1.1758657123183474,-0.7340980939501769,True,False,复苏,True,True,True
2021-02-28,0.662660670838878,0.4991671415193387,True,False,复苏,模型A：均值—方差切换,2.9811925038116738,-0.5526272655764589,True,False,复苏,True,True,True
2021-03-31,0.6034412146753437,0.49997592026937215,True,False,复苏,模型A：均值—方差切换,0.47714109025597207,-0.09548140508285069,True,False,复苏,True,True,True
2021-04-30,0.5149911332801166,0.5000213871253925,True,True,过热,模型A：均值—方差切换,0.015209034878518032,0.3020966131288938,True,True,过热,True,True,True
2021-05-31,0.332849172455178,0.5194662459524372,False,True,滞胀,模型A：均值—方差切换,-0.07581580294161633,0.6511888787034887,False,True,滞胀,True,True,True
2021-06-30,0.17078986255971762,0.6933711221431011,False,True,滞胀,模型A：均值—方差切换,-0.13085866141261313,0.5763815527186177,False,True,滞胀,True,True,True
2021-07-31,0.1140189483549661,0.7239962394808495,False,True,滞胀,模型A：均值—方差切换,-0.36289457854863066,0.5722241586603242,False,True,滞胀,True,True,True
2021-08-31,0.17019515353369974,0.5292701825620993,False,True,滞胀,模型A：均值—方差切换,-0.49923757048230966,0.5749914601884514,False,True,滞胀,True,True,True
2021-09-30,0.5004746643818287,0.5007494388521407,True,True,过热,模型A：均值—方差切换,-0.7528626752278097,0.6816549625772981,False,True,滞胀,False,True,False
2021-10-31,0.5008285601076153,0.500224814123288,True,True,过热,模型A：均值—方差切换,-0.8003206082359351,1.2025260594110634,False,True,滞胀,False,True,False
2021-11-30,0.5004244026658246,0.5003497320713215,True,True,过热,模型A：均值—方差切换,-0.6071835085297224,1.3466061083245513,False,True,滞胀,False,True,False
2021-12-31,0.5003951511466036,0.4998328552676825,True,False,复苏,模型A：均值—方差切换,-0.5330797709368678,0.8478991907802144,False,True,滞胀,False,False,False
2022-01-31,0.5008863671878974,0.49837240710963315,True,False,复苏,模型A：均值—方差切换,-0.6030126933754464,0.5569846749573165,False,True,滞胀,False,False,False
2022-02-28,0.5033230279864146,0.499969424107436,True,False,复苏,模型A：均值—方差切换,0.05925830646574365,0.5237384060231746,True,True,过热,True,False,False
2022-03-31,0.5013211661270476,0.49977802602255184,True,False,复苏,模型A：均值—方差切换,-0.6351920328229461,0.6262573978859336,False,True,滞胀,False,False,False
2022-04-30,0.5787370744634275,0.49890515244936184,True,False,复苏,模型A：均值—方差切换,-1.603985768098358,0.7509405690381206,False,True,滞胀,False,False,False
2022-05-31,0.5154416696805837,0.2712100911899222,True,False,复苏,模型A：均值—方差切换,-0.92557617610367,0.5736271347226961,False,True,滞胀,False,False,False
2022-06-30,0.11371460983442293,0.024393007342635113,False,False,衰退,模型A：均值—方差切换,-0.5809262335380356,0.6456671591794401,False,True,滞胀,True,False,False
2022-07-31,0.033882160892186146,0.02154419279739009,False,False,衰退,模型A：均值—方差切换,-0.816853178870171,0.48775060262531655,False,True,滞胀,True,False,False
2022-08-31,0.02279447124123872,0.023926729960182885,False,False,衰退,模型A：均值—方差切换,-0.7118240789034255,0.2245477526803068,False,True,滞胀,True,False,False
2022-09-30,0.05140185525689986,0.1202679618748869,False,False,衰退,模型A：均值—方差切换,-0.4272736117840345,0.14836321769747488,False,True,滞胀,True,False,False
2022-10-31,0.22164369411099571,0.09705791085956102,False,False,衰退,模型A：均值—方差切换,-0.6923746701885224,-0.27969376792028455,False,False,衰退,True,True,True
2022-11-30,0.8661656693527408,0.00118287766460878,True,False,复苏,模型A：均值—方差切换,-1.1226043040060008,-0.41130163465889225,False,False,衰退,False,True,False
2022-12-31,0.9635385568994818,6.223706949036497e-05,True,False,复苏,模型A：均值—方差切换,-1.3779806580530378,-0.29216595009516494,False,False,衰退,False,True,False
2023-01-31,0.9638836986356043,0.000610758402699617,True,False,复苏,模型A：均值—方差切换,-1.5854012572766853,-0.2242833196967144,False,False,衰退,False,True,False
2023-02-28,0.9779390278132281,7.911599363279114e-05,True,False,复苏,模型A：均值—方差切换,0.9469855096550213,-0.5803131643899355,True,False,复苏,True,True,True
2023-03-31,0.5201633670161782,0.0011055108976758988,True,False,复苏,模型A：均值—方差切换,-0.2568912884664343,-0.7811808705249546,False,False,衰退,False,True,False
2023-04-30,0.1540269355442559,0.00022510034271865957,False,False,衰退,模型A：均值—方差切换,-0.6491962949695573,-1.061013296703138,False,False,衰退,True,True,True
2023-05-31,0.07101399223925506,0.00016465283740335038,False,False,衰退,模型A：均值—方差切换,-0.876564124723372,-1.145512619802557,False,False,衰退,True,True,True
2023-06-30,0.02003809689311294,0.0004243820581023502,False,False,衰退,模型A：均值—方差切换,-0.7736748036512059,-1.2868124836557122,False,False,衰退,True,True,True
2023-07-31,0.006003366524923129,2.228702686917699e-05,False,False,衰退,模型A：均值—方差切换,-0.7668669373744222,-1.2549563072517365,False,False,衰退,True,True,True
2023-08-31,0.0026105419904676975,5.25552742645511e-05,False,False,衰退,模型A：均值—方差切换,-0.6330522539283653,-0.9945207588348539,False,False,衰退,True,True,True
2023-09-30,0.004398993038419531,4.5145521287448424e-05,False,False,衰退,模型A：均值—方差切换,-0.5377478583190706,-0.9654318839590053,False,False,衰退,True,True,True
2023-10-31,0.004821854299666884,7.316930848015473e-05,False,False,衰退,模型A：均值—方差切换,-0.6639776163022562,-1.0291571202991623,False,False,衰退,True,True,True
2023-11-30,0.01930381322642442,0.0004287740731418168,False,False,衰退,模型A：均值—方差切换,-0.5391105780275651,-1.152450198921183,False,False,衰退,True,True,True
2023-12-31,0.12337248843705725,0.0015733840388252854,False,False,衰退,模型A：均值—方差切换,-0.6009613027753455,-1.066560783291598,False,False,衰退,True,True,True
2024-01-31,0.500791705722797,0.0027602762948133255,True,False,复苏,模型A：均值—方差切换,0.8404576500847383,-1.1760044707407775,True,False,复苏,True,True,True
2024-02-29,0.500863925649997,0.0019750050698013467,True,False,复苏,模型A：均值—方差切换,-1.9851976182698516,-0.8033450498143826,False,False,衰退,False,True,False
2024-03-31,0.08186242819311636,7.521200264542416e-05,False,False,衰退,模型A：均值—方差切换,-0.4233825835879179,-0.9723565795454258,False,False,衰退,True,True,True
2024-04-30,0.01961934352081033,1.843800605140896e-05,False,False,衰退,模型A：均值—方差切换,-0.34130539093914813,-0.8864671639158406,False,False,衰退,True,True,True
2024-05-31,0.003999447494144929,3.730332834910689e-05,False,False,衰退,模型A：均值—方差切换,-0.5920136576039811,-0.7645641778239862,False,False,衰退,True,True,True
2024-06-30,0.0021458183028410047,0.0001176783153380772,False,False,衰退,模型A：均值—方差切换,-0.6136028452134636,-0.7243932133034235,False,False,衰退,True,True,True
2024-07-31,0.003773015871785427,0.0004053678829826467,False,False,衰退,模型A：均值—方差切换,-0.6470565160749779,-0.645428493260259,False,False,衰退,True,True,True
2024-08-31,0.016074718193809408,9.557838895911649e-05,False,False,衰退,模型A：均值—方差切换,-0.7474175286595193,-0.7299278163596777,False,False,衰退,True,True,True
2024-09-30,0.06425436841699246,7.81813213356704e-05,False,False,衰退,模型A：均值—方差切换,-0.5492238119780597,-0.8933918595022612,False,False,衰退,True,True,True
2024-10-31,0.019858929777011574,3.9719075374822456e-05,False,False,衰退,模型A：均值—方差切换,-0.49923757048230966,-0.9307955224946967,False,False,衰退,True,True,True
2024-11-30,0.021216970758406496,4.82747943816165e-05,False,False,衰退,模型A：均值—方差切换,-0.45391941636876504,-0.9127887372635621,False,False,衰退,True,True,True
2024-12-31,0.07723564887739733,4.001845630416742e-05,False,False,衰退,模型A：均值—方差切换,-0.434470007653862,-0.9169461313218557,False,False,衰退,True,True,True
2025-01-31,0.500374168680242,1.6361352308661494e-05,True,False,复苏,模型A：均值—方差切换,-1.870774923939594,-0.8116598379309694,False,False,衰退,False,True,False
2025-02-28,0.500288322524187,1.6045345168013342e-05,True,False,复苏,模型A：均值—方差切换,1.3707363263591863,-1.116436628458914,True,False,复苏,True,True,True
2025-03-31,0.13086337852340663,1.615642988712742e-05,False,False,衰退,模型A：均值—方差切换,-0.25028055311901376,-0.9917534573067268,False,False,衰退,True,True,True
2025-04-30,0.019405263448689127,0.00010604141190559443,False,False,衰退,模型A：均值—方差切换,-0.6513360738641383,-1.0139176365961549,False,False,衰退,True,True,True
2025-05-31,0.004069267824814346,0.00010692525637895922,False,False,衰退,模型A：均值—方差切换,-0.577620865864326,-1.080410174464439,False,False,衰退,True,True,True
2025-06-30,0.0026549851700315647,4.7422593852684923e-05,False,False,衰退,模型A：均值—方差切换,-0.46753514892233244,-1.061013296703138,False,False,衰退,True,True,True
2025-07-31,0.003311186653731502,2.465409176353971e-05,False,False,衰退,模型A：均值—方差切换,-0.6229390199778719,-1.0873348700508596,False,False,衰退,True,True,True
2025-08-31,0.013415469927048292,2.8231959795989188e-05,False,False,衰退,模型A：均值—方差切换,-0.6398601202051504,-1.1150465359287476,False,False,衰退,True,True,True
2025-09-30,0.08190951461837379,4.062179753610098e-05,False,False,衰退,模型A：均值—方差切换,-0.4700634574099571,-1.0222324247127417,False,False,衰退,True,True,True
2025-10-31,0.10530763859894339,0.0001121619948550309,False,False,衰退,模型A：均值—方差切换,-0.7376928243020684,-0.868460378684706,False,False,衰退,True,True,True
2025-11-30,0.13424382291445933,0.00029625264254239976,False,False,衰退,模型A：均值—方差切换,-0.7067674619281774,-0.7479346015908124,False,False,衰退,True,True,True
2025-12-31,0.03360627645140073,0.0015451096373739876,False,False,衰退,模型A：均值—方差切换,-0.5064339663521371,-0.6883667593089486,False,False,衰退,True,True,True
2026-01-31,0.01768979384009736,0.01345395931538843,False,False,衰退,模型A：均值—方差切换,-0.5797606447589069,-0.7908857511717078,False,False,衰退,True,True,True
2026-02-28,0.007514764663796472,0.03080906160746303,False,False,衰退,模型A：均值—方差切换,-0.6369432821244831,-0.44593799612320073,False,False,衰退,True,True,True
2026-03-31,0.014377344908802357,0.062904248772042,False,False,衰退,模型A：均值—方差切换,-0.4132693496374233,-0.36975346114036883,False,False,衰退,True,True,True
2006-01-31,0.5714928188498064,0.06134610498752318,True,False,复苏,模型B：切换AR(1)回归,0.4073169104522778,0.14973398492933282,True,True,过热,True,False,False
2006-02-28,0.791066137479309,0.05547155408905948,True,False,复苏,模型B：切换AR(1)回归,0.9470466006893414,-0.11791458440576813,True,False,复苏,True,True,True
2006-03-31,0.5427534424566789,0.04761301775609609,True,False,复苏,模型B：切换AR(1)回归,1.3914776275827943,-0.20186302390600258,True,False,复苏,True,True,True
2006-04-30,0.508434068314193,0.0373254836047468,True,False,复苏,模型B：切换AR(1)回归,1.8388254925569156,-0.1652856863123435,True,False,复苏,True,True,True
2006-05-31,0.5098963166300433,0.033886804482609695,True,False,复苏,模型B：切换AR(1)回归,1.3033696278433267,-0.05058283760650184,True,False,复苏,True,True,True
2006-06-30,0.4884098841505038,0.028078034133460723,False,False,衰退,模型B：切换AR(1)回归,1.2850858079075551,0.0965335128686027,True,True,过热,False,False,False
2006-07-31,0.4422464759781312,0.02652809127028971,False,False,衰退,模型B：切换AR(1)回归,0.7595517784807821,-0.028425100083176558,True,False,复苏,False,True,False
2006-08-31,0.45071681903297883,0.02129236196075915,False,False,衰退,模型B：切换AR(1)回归,0.8210139736355202,0.03059185859950278,True,True,过热,False,False,False
2006-09-30,0.5082844857030765,0.015308308869569732,True,False,复苏,模型B：切换AR(1)回归,1.593173842867329,0.09431709493965987,True,True,过热,True,False,False
2006-10-31,0.4752555761659811,0.011307357272604414,False,False,衰退,模型B：切换AR(1)回归,1.0540240808869885,0.0015029837236540944,True,True,过热,False,False,False
2006-11-30,0.48346184479357607,0.008064604417921074,False,False,衰退,模型B：切换AR(1)回归,1.1827821473577962,0.1198123428886049,True,True,过热,False,False,False
2006-12-31,0.5160725309064168,0.005624468558212942,True,False,复苏,模型B：切换AR(1)回归,1.0730849600088463,0.39216918988118366,True,True,过热,True,False,False
2007-01-31,0.9983102821256181,0.004652924701195923,True,False,复苏,模型B：切换AR(1)回归,1.8506268239441583,0.25640392908428256,True,True,过热,True,False,False
2007-02-28,0.9963880166530162,0.003653398814032119,True,False,复苏,模型B：切换AR(1)回归,0.5979257016708673,0.31043716830989204,True,True,过热,True,False,False
2007-03-31,0.999078720056392,0.0025349642473194837,True,False,复苏,模型B：切换AR(1)回归,1.5295718688180115,0.47944869804093515,True,True,过热,True,False,False
2007-04-30,0.572513281057311,0.0018435507601800073,True,False,复苏,模型B：切换AR(1)回归,1.99170105512483,0.4226481572871987,True,True,过热,True,False,False
2007-05-31,0.4536853856106811,0.0018275189704290936,False,False,衰退,模型B：切换AR(1)回归,1.4893103316797136,0.5168523610333707,True,True,过热,False,False,False
2007-06-30,0.3809085873566791,0.0023935580458047208,False,False,衰退,模型B：切换AR(1)回归,1.3541329285251633,0.7457136166119728,True,True,过热,False,False,False
2007-07-31,0.3057943552907149,0.0024681487602614067,False,False,衰退,模型B：切换AR(1)回归,1.02465283688527,1.0515986161043882,True,True,过热,False,False,False
2007-08-31,0.36636007982189406,0.0026180541473469197,False,False,衰退,模型B：切换AR(1)回归,1.1220970113891457,1.3106569555233105,True,True,过热,False,False,False
2007-09-30,0.5047865660723436,0.0036825824348004927,True,False,复苏,模型B：切换AR(1)回归,1.623125015125769,1.2427743251248597,True,True,过热,True,False,False
2007-10-31,0.5027587698775735,0.006441040323361614,True,False,复苏,模型B：切换AR(1)回归,0.9983955618935847,1.3771494933915946,True,True,过热,True,False,False
2007-11-30,0.503495572706528,0.007190593893877254,True,False,复苏,模型B：切换AR(1)回归,1.3745565273555158,1.63204399698612,True,True,过热,True,False,False
2007-12-31,0.42825894802924114,0.36667309801859693,False,False,衰退,模型B：切换AR(1)回归,1.362692044103484,1.6242800924687175,True,True,过热,False,False,False
2008-01-31,0.4133876782985362,0.01076230051580122,False,False,衰退,模型B：切换AR(1)回归,0.7803639069041786,1.8564595331746305,True,True,过热,False,False,False
2008-02-29,0.438592938347238,0.012894775871441841,False,False,衰退,模型B：切换AR(1)回归,0.8566074233916141,2.335231572890688,True,True,过热,False,False,False
2008-03-31,0.5426526147850432,0.01588881258199173,True,False,复苏,模型B：切换AR(1)回归,1.982364880360422,2.377337071774499,True,True,过热,True,False,False
2008-04-30,0.5072861839136423,0.01772780646826334,True,False,复苏,模型B：切换AR(1)回归,1.9837276000689164,2.4488197708659554,True,True,过热,True,False,False
2008-05-31,0.503723624907937,0.023290089384052828,True,False,复苏,模型B：切换AR(1)回归,0.8807249194887199,2.2493292737288977,True,True,过热,True,False,False
2008-06-30,0.4896236040626844,0.03450026792041476,False,False,衰退,模型B：切换AR(1)回归,0.6329334909045541,2.160108789439795,True,True,过热,False,False,False
2008-07-31,0.5033546112729964,0.060375311031205664,True,False,复苏,模型B：切换AR(1)回归,-0.14681130379012597,2.08141306943012,False,True,滞胀,False,False,False
2008-08-31,0.5069809172714296,0.11903816149001166,True,False,复苏,模型B：切换AR(1)回归,-0.2835428253168486,1.7162356694554328,False,True,滞胀,False,False,False
2008-09-30,0.5234227455183451,0.2137907859493483,True,False,复苏,模型B：切换AR(1)回归,0.14941224791761745,1.5342075157164277,True,True,过热,True,False,False
2008-10-31,0.7190848370070715,0.35669186912674794,True,False,复苏,模型B：切换AR(1)回归,-1.338890441959554,1.0947929986543619,False,True,滞胀,False,False,False
2008-11-30,0.8479246607629,0.49999254919473846,True,False,复苏,模型B：切换AR(1)回归,-2.645920515382544,0.16387170143397173,False,True,滞胀,False,False,False
2008-12-31,0.7163628655880233,0.49948942148967823,True,False,复苏,模型B：切换AR(1)回归,-2.1668702288484454,-0.4988565846182359,False,False,衰退,False,True,False
2009-01-31,0.9998502019523844,0.49993772586406837,True,False,复苏,模型B：切换AR(1)回归,-2.006423148418344,-0.7964139124618592,False,False,衰退,False,True,False
2009-02-28,0.999766949475456,0.4996134919874311,True,False,复苏,模型B：切换AR(1)回归,-0.29871267624259,-1.6048942235234163,False,False,衰退,False,True,False
2009-03-31,0.6874787539173408,0.5193005256696542,True,True,过热,模型B：切换AR(1)回归,0.1550545254152711,-1.6691639016966549,True,False,复苏,True,False,False
2009-04-30,0.5264617336228186,0.49762048174626367,True,False,复苏,模型B：切换AR(1)回归,0.2927602370574446,-1.8146211596081034,True,False,复苏,True,True,True
2009-05-31,0.5010422904832554,0.4976334909708629,True,False,复苏,模型B：切换AR(1)回归,0.33165905448724936,-1.8547921241286662,True,False,复苏,True,True,True
2009-06-30,0.5375341942990731,0.4997336147574405,True,False,复苏,模型B：切换AR(1)回归,0.48025505926600376,-2.0002493820401153,True,False,复苏,True,True,True
2009-07-31,0.5522354938458,0.5000158516848361,True,True,过热,模型B：切换AR(1)回归,0.5065123342576892,-2.0708993139666925,True,False,复苏,True,False,False
2009-08-31,0.7443372305745536,0.49879718524376904,True,False,复苏,模型B：切换AR(1)回归,0.7478844261581151,-1.8752907690883358,True,False,复苏,True,True,True
2009-09-30,0.9889461987936263,0.49908947674572923,True,False,复苏,模型B：切换AR(1)回归,0.9202093974409316,-1.6735902957884377,True,False,复苏,True,True,True
2009-10-31,0.9751957852597279,0.49926167893100504,True,False,复苏,模型B：切换AR(1)回归,1.2500780186738685,-1.468289753795533,True,False,复苏,True,True,True
2009-11-30,0.9883351833336924,0.49998267504941935,True,False,复苏,模型B：切换AR(1)回归,1.4731662906385212,-0.760957667364877,True,False,复苏,True,True,True
2009-12-31,0.9063904687458842,0.4994327128867326,True,False,复苏,模型B：切换AR(1)回归,1.689643827255754,0.00012577472569336862,True,True,过热,True,False,False
2010-01-31,0.9950425459828018,0.4995888932510164,True,False,复苏,模型B：切换AR(1)回归,2.307171152352425,0.185190230026315,True,True,过热,True,False,False
2010-02-28,0.9999996673995184,0.4895192862568355,True,False,复苏,模型B：切换AR(1)回归,0.4026488230700737,0.6196274693974135,True,True,过热,True,False,False
2010-03-31,0.9999164595663355,0.48387696756787374,True,False,复苏,模型B：切换AR(1)回归,1.3749450569485597,0.5982896155067619,True,True,过热,True,False,False
2010-04-30,0.5499707706664017,0.4815488931493794,True,False,复苏,模型B：切换AR(1)回归,1.4677211440702311,0.8033147157000743,True,True,过热,True,False,False
2010-05-31,0.39085122175032483,0.48338203449457023,False,False,衰退,模型B：切换AR(1)回归,1.0310721735690114,0.9177421226063239,True,True,过热,False,False,False
2010-06-30,0.3807455386289774,0.4907551220004241,False,False,衰退,模型B：切换AR(1)回归,0.48647726502038047,0.7853079304689398,True,True,过热,False,False,False
2010-07-31,0.3533957239253998,0.49999999510994153,False,False,衰退,模型B：切换AR(1)回归,0.29334016531416773,0.7166054164378155,True,True,过热,False,False,False
2010-08-31,0.3662151948299556,0.49811054558976714,False,False,衰退,模型B：切换AR(1)回归,0.42462654027260005,0.7116216969807456,True,True,过热,False,False,False
2010-09-30,0.5143906304587768,0.4973412734732641,True,False,复苏,模型B：切换AR(1)回归,0.7817266266126719,0.7390514792929386,True,True,过热,True,False,False
2010-10-31,0.5032674550852066,0.5401787711537133,True,True,过热,模型B：切换AR(1)回归,0.9388817469697484,1.0283069025521807,True,True,过热,True,True,True
2010-11-30,0.31285561176870313,0.4955459548508596,False,False,衰退,模型B：切换AR(1)回归,1.0485789343186982,1.3255952303623142,True,True,过热,False,False,False
2010-12-31,0.08468600080075855,0.48941532377217745,False,False,衰退,模型B：切换AR(1)回归,0.815180297474186,1.1795806470855785,True,True,过热,False,False,False
2011-01-31,0.04648900940960378,0.48775470623077277,False,False,衰退,模型B：切换AR(1)回归,0.6101787145159416,1.3327953677483273,True,True,过热,False,False,False
2011-02-28,0.04746743373269935,0.48100266744020875,False,False,衰退,模型B：切换AR(1)回归,0.5918948945801699,1.414194024783023,True,True,过热,False,False,False
2011-03-31,0.07382013372000423,0.45784871657746185,False,False,衰退,模型B：切换AR(1)回归,0.8134290481726489,1.5386114034952918,True,True,过热,False,False,False
2011-04-30,0.01850036729406276,0.3234452016005382,False,False,衰退,模型B：切换AR(1)回归,0.617375110385769,1.4740437506305817,True,True,过热,False,False,False
2011-05-31,0.00893596891913622,0.6093751631667743,False,True,滞胀,模型B：切换AR(1)回归,0.43863080241921126,1.5157290141617712,True,True,过热,False,True,False
2011-06-30,0.022602739567965026,0.2146513925287402,False,False,衰退,模型B：切换AR(1)回归,0.3584962577356578,1.7734011261101885,True,True,过热,False,False,False
2011-07-31,0.00548237713520427,0.18345487743218003,False,False,衰退,模型B：切换AR(1)回归,0.24121414492383803,1.8452146130318,True,True,过热,False,False,False
2011-08-31,0.0053919632391811485,0.170773708197072,False,False,衰退,模型B：切换AR(1)回归,0.24335392381841756,1.7341118330189649,True,True,过热,False,False,False
2011-09-30,0.01441033509059109,0.1580827896204562,False,False,衰退,模型B：切换AR(1)回归,0.32212574879347783,1.6311024570004662,True,True,过热,False,False,False
2011-10-31,0.06000169951521535,0.10605712900363516,False,False,衰退,模型B：切换AR(1)回归,0.12646034059964023,1.3120952948518458,True,True,过热,False,False,False
2011-11-30,0.16897845673937545,0.08353243663783233,False,False,衰退,模型B：切换AR(1)回归,-0.1979631340650048,0.7251396694363021,False,True,滞胀,True,False,False
2011-12-31,0.18281172183055627,0.049228803621070266,False,False,衰退,模型B：切换AR(1)回归,0.07861387799847105,0.5701957074067794,True,True,过热,False,False,False
2012-01-31,0.6311706148757187,0.30723568846373034,True,False,复苏,模型B：切换AR(1)回归,-0.602903950740562,0.5769904122127272,False,True,滞胀,False,False,False
2012-02-29,0.6950302457798543,0.02145869206787538,True,False,复苏,模型B：切换AR(1)回归,0.8237336807868229,0.157235331179349,True,True,过热,True,False,False
2012-03-31,0.9994156157913507,0.014167326263505798,True,False,复苏,模型B：切换AR(1)回归,0.5475509305820748,0.22373431081373601,True,True,过热,True,False,False
2012-04-30,0.6373991317119713,0.009050220982623345,True,False,复苏,模型B：切换AR(1)回归,0.3985663962102765,0.12897922346837956,True,True,过热,True,False,False
2012-05-31,0.5050883958727466,0.007004362988788947,True,False,复苏,模型B：切换AR(1)回归,-0.13260991071415026,-0.05388169743550478,False,False,衰退,False,True,False
2012-06-30,0.09378708264003653,0.006855187632850792,False,False,衰退,模型B：切换AR(1)回归,-0.17792806482769483,-0.3398124938013325,False,False,衰退,True,True,True
2012-07-31,0.02985566988162921,0.006368536254323379,False,False,衰退,模型B：切换AR(1)回归,-0.21857813155903663,-0.5326472953854595,False,False,衰退,True,True,True
2012-08-31,0.023374572775275652,0.0059656420582756,False,False,衰退,模型B：切换AR(1)回归,-0.41171523126524934,-0.5476048955227719,False,False,衰退,True,True,True
2012-09-30,0.01131307066176937,0.0036184883979009856,False,False,衰退,模型B：切换AR(1)回归,-0.27576076892461426,-0.5816839316217933,False,False,衰退,True,True,True
2012-10-31,0.005994461071270397,0.32117204696349394,False,False,衰退,模型B：切换AR(1)回归,-0.17073166895786734,-0.5467785701239956,False,False,衰退,True,True,True
2012-11-30,0.008396070909131357,0.001179035078983388,False,False,衰退,模型B：切换AR(1)回归,-0.05850617312129425,-0.4057541480704324,False,False,衰退,True,True,True
2012-12-31,0.0724845009345193,0.23406613619709016,False,False,衰退,模型B：切换AR(1)回归,-0.044113381381639144,-0.24533284825556823,False,False,衰退,True,True,True
2013-01-31,0.5006467330341462,0.0007054234380690625,True,False,复苏,模型B：切换AR(1)回归,0.45029815474187834,-0.3356663661889787,True,False,复苏,True,True,True
2013-02-28,0.5009615146710366,0.0006443508484991076,True,False,复苏,模型B：切换AR(1)回归,-0.7223258424469626,-0.02151568540005505,False,False,衰退,False,True,False
2013-03-31,0.5009588937627472,0.0007291111435372751,True,False,复苏,模型B：切换AR(1)回归,-0.08768028619364807,-0.35640448201521896,False,False,衰退,False,True,False
2013-04-30,0.04057427598176331,0.0009540662430008418,False,False,衰退,模型B：切换AR(1)回归,-0.11607734007991428,-0.3506713298826786,False,False,衰退,True,True,True
2013-05-31,0.006110284236131106,0.0012290906571040061,False,False,衰退,模型B：切换AR(1)回归,-0.08515197770602481,-0.4541826852359016,False,False,衰退,True,True,True
2013-06-30,0.00406739750743053,0.0014615712141199664,False,False,衰退,模型B：切换AR(1)回归,-0.2401673191685191,-0.28523120003783187,False,False,衰退,True,True,True
2013-07-31,0.004248793117754656,0.0008926600553660952,False,False,衰退,模型B：切换AR(1)回归,-0.144474393966182,-0.23607788488474135,False,False,衰退,True,True,True
2013-08-31,0.004916015763454834,0.0006483306268931999,False,False,衰退,模型B：切换AR(1)回归,0.03932653097562388,-0.19233999354290074,True,False,复苏,False,True,False
2013-09-30,0.005489810537879323,0.000565683480037006,False,False,衰退,模型B：切换AR(1)回归,0.04399461835782799,-0.03357154708120896,True,False,复苏,False,True,False
2013-10-31,0.006784101309433983,0.0005857469436660389,False,False,衰退,模型B：切换AR(1)回归,0.1083736515932319,-0.011902198095079308,True,False,复苏,False,True,False
2013-11-30,0.004101074589375796,0.000659265349173368,False,False,衰退,模型B：切换AR(1)回归,0.08678446398374931,-0.05136023216185781,True,False,复苏,False,True,False
2013-12-31,0.0037020504066633455,0.0008309458977003021,False,False,衰退,模型B：切换AR(1)回归,-0.011048240113168802,-0.1813989087697473,False,False,衰退,True,True,True
2014-01-31,0.0034160569103806973,0.0008429089909419913,False,False,衰退,模型B：切换AR(1)回归,-0.19270938616039368,-0.2157452780167594,False,False,衰退,True,True,True
2014-02-28,0.003425200365451046,0.0008757187027935767,False,False,衰退,模型B：切换AR(1)回归,-0.22830283591648737,-0.3964612181480402,False,False,衰退,True,True,True
2014-03-31,0.003365115894010657,0.001011432690628367,False,False,衰退,模型B：切换AR(1)回归,-0.2092419567946295,-0.3157613831763636,False,False,衰退,True,True,True
2014-04-30,0.003437888839973035,0.0008511460192497709,False,False,衰退,模型B：切换AR(1)回归,-0.1973774735425979,-0.43633006121465734,False,False,衰退,True,True,True
2014-05-31,0.0037149362288803516,0.0007228522926823525,False,False,衰退,模型B：切换AR(1)回归,-0.11393756118533477,-0.1966066509191925,False,False,衰退,True,True,True
2014-06-30,0.0038338958195338136,0.0006364877745216695,False,False,衰退,模型B：切换AR(1)回归,-0.04703021946230637,-0.19640390620419962,False,False,衰退,True,True,True
2014-07-31,0.005127964356279553,0.0005516955865087869,False,False,衰退,模型B：切换AR(1)回归,0.07200314265105183,-0.18316024353229737,True,False,复苏,False,True,False
2014-08-31,0.010742245483407426,0.0005581361102730278,False,False,衰退,模型B：切换AR(1)回归,-0.1934864453464799,-0.2977496342044339,False,False,衰退,True,True,True
2014-09-30,0.004978880928329753,0.0006614286936432895,False,False,衰退,模型B：切换AR(1)回归,-0.11432609077837727,-0.45942932185326013,False,False,衰退,True,True,True
2014-10-31,0.0035735863988242923,0.0009158973970234351,False,False,衰退,模型B：切换AR(1)回归,-0.19309791575343743,-0.5154940385224313,False,False,衰退,True,True,True
2014-11-30,0.00419846025067747,0.0014602874256766404,False,False,衰退,模型B：切换AR(1)回归,-0.3243842907118698,-0.6079517476002578,False,False,衰退,True,True,True
2014-12-31,0.009232845468277644,0.0026676501588198853,False,False,衰退,模型B：切换AR(1)回归,-0.31213127786679423,-0.6594754704194186,False,False,衰退,True,True,True
2015-01-31,0.0768400989665906,0.002796242903844775,False,False,衰退,模型B：切换AR(1)回归,-0.2469751854453042,-0.966103902442193,False,False,衰退,True,True,True
2015-02-28,0.4989814741026223,0.39629226424416947,False,False,衰退,模型B：切换AR(1)回归,-0.6596980585130958,-0.8433659394567119,False,False,衰退,True,True,True
2015-03-31,0.04950573219209687,0.0012118403272131672,False,False,衰退,模型B：切换AR(1)回归,-0.47764838287282707,-0.8316239707910955,False,False,衰退,True,True,True
2015-04-30,0.006469479511521628,0.0009035964698992816,False,False,衰退,模型B：切换AR(1)回归,-0.4560591952633445,-0.7978893284552379,False,False,衰退,True,True,True
2015-05-31,0.003570656201752765,0.0006518261137389905,False,False,衰退,模型B：切换AR(1)回归,-0.4226055244018303,-0.8749655880093733,False,False,衰退,True,True,True
2015-06-30,0.003530779841762527,0.0005556729363228132,False,False,衰退,模型B：切换AR(1)回归,-0.3722307533130377,-0.8557092641960056,False,False,衰退,True,True,True
2015-07-31,0.003974215542580978,0.0005480271453249833,False,False,衰退,模型B：切换AR(1)回归,-0.46792367851537625,-0.8498039222881234,False,False,衰退,True,True,True
2015-08-31,0.003707597775746822,0.0005825174153563559,False,False,衰退,模型B：切换AR(1)回归,-0.517909920011125,-0.8300465209872856,False,False,衰退,True,True,True
2015-09-30,0.004523291510767266,0.3889731621480171,False,False,衰退,模型B：切换AR(1)回归,-0.5276346243685772,-0.927222847883159,False,False,衰退,True,True,True
2015-10-31,0.0034621656781100626,0.0007748312114675441,False,False,衰退,模型B：切换AR(1)回归,-0.5348310202384048,-1.0086233112702596,False,False,衰退,True,True,True
2015-11-30,0.0037835181611110143,0.0008141460917242362,False,False,衰退,模型B：切换AR(1)回归,-0.5297744032631567,-0.9511896382255313,False,False,衰退,True,True,True
2015-12-31,0.0037291225315745882,0.0006543012571655709,False,False,衰退,模型B：切换AR(1)回归,-0.53230271175078,-0.9210777583157378,False,False,衰退,True,True,True
2016-01-31,0.004043369242472341,0.0006329929569824555,False,False,衰退,模型B：切换AR(1)回归,-0.5919519857646998,-0.8019420737520105,False,False,衰退,True,True,True
2016-02-29,0.007761782029072912,0.0006824387665753941,False,False,衰退,模型B：切换AR(1)回归,-0.7371936103205784,-0.6260058484345469,False,False,衰退,True,True,True
2016-03-31,0.008368670174329376,0.0007868335105588767,False,False,衰退,模型B：切换AR(1)回归,-0.3722307533130377,-0.5591471774809957,False,False,衰退,True,True,True
2016-04-30,0.004578783293443019,0.0007559232574954171,False,False,衰退,模型B：切换AR(1)回归,-0.44886279939351703,-0.4524399973504935,False,False,衰退,True,True,True
2016-05-31,0.0034703299986950462,0.0006584360394665642,False,False,衰退,模型B：切换AR(1)回归,-0.44886279939351703,-0.4619815355488387,False,False,衰退,True,True,True
2016-06-30,0.0033773557816551545,0.3376441916878969,False,False,衰退,模型B：切换AR(1)回归,-0.4535308867757212,-0.4817992128860926,False,False,衰退,True,True,True
2016-07-31,0.003535977830146746,0.0009604135512143524,False,False,衰退,模型B：切换AR(1)回归,-0.48698455763723547,-0.41216965383612497,False,False,衰退,True,True,True
2016-08-31,0.0037237434598012655,0.0015005937208403377,False,False,衰退,模型B：切换AR(1)回归,-0.3700909744184582,-0.4243870271108974,False,False,衰退,True,True,True
2016-09-30,0.004116488644209876,0.0023887141759507883,False,False,衰退,模型B：切换AR(1)回归,-0.38448376615811325,-0.171863858164421,False,False,衰退,True,True,True
2016-10-31,0.007150859491153525,0.004450110100865668,False,False,衰退,模型B：切换AR(1)回归,-0.23199673318324085,-0.00370834017021693,False,False,衰退,True,True,True
2016-11-30,0.007075198934832912,0.006100898844810216,False,False,衰退,模型B：切换AR(1)回归,-0.12949594170411854,0.27015905688433484,False,True,滞胀,True,False,False
2016-12-31,0.02804676321355161,0.008656362844666882,False,False,衰退,模型B：切换AR(1)回归,-0.20107137080935125,0.46771460289156164,False,True,滞胀,True,False,False
2017-01-31,0.3402596822129109,0.009451876366498739,False,False,衰退,模型B：切换AR(1)回归,-0.4405398644343526,0.7472359241428772,False,True,滞胀,True,False,False
2017-02-28,0.5011703681895857,0.007939481703101174,True,False,复苏,模型B：切换AR(1)回归,0.14812042798831604,0.3865959362283126,True,True,过热,True,False,False
2017-03-31,0.11250551849847955,0.005403728026189977,False,False,衰退,模型B：切换AR(1)回归,-0.009685520404675532,0.3907533302866061,False,True,滞胀,True,False,False
2017-04-30,0.014557864517981876,0.00405513641970368,False,False,衰退,模型B：切换AR(1)回归,-0.20321114970393075,0.3367329745932023,False,True,滞胀,True,False,False
2017-05-31,0.00453000129447263,0.003846988618011585,False,False,衰退,模型B：切换AR(1)回归,-0.20321114970393075,0.31595888783394055,False,True,滞胀,True,False,False
2017-06-30,0.005670341882709621,0.003465237642316394,False,False,衰退,模型B：切换AR(1)回归,-0.028746399526533406,0.31595888783394055,False,True,滞胀,True,False,False
2017-07-31,0.005311473135065546,0.004067136917941004,False,False,衰退,模型B：切换AR(1)回归,-0.17228578733004118,0.289637314486219,False,True,滞胀,True,False,False
2017-08-31,0.005539233048024799,0.0026699785848913814,False,False,衰退,模型B：切换AR(1)回归,-0.1438887334437736,0.4835803250348174,False,True,滞胀,True,False,False
2017-09-30,0.008249247866389047,0.0023081688014319124,False,False,衰退,模型B：切换AR(1)回归,0.03271579562820329,0.49742971620765863,True,True,过热,False,False,False
2017-10-31,0.006028274802433174,0.0024367384182012843,False,False,衰退,模型B：切换AR(1)回归,-0.14855682082597776,0.5763944362508232,False,True,滞胀,True,False,False
2017-11-30,0.00733192986623963,0.0033456754848175084,False,False,衰退,模型B：切换AR(1)回归,-0.11763145845208824,0.40184830346352574,False,True,滞胀,True,False,False
2017-12-31,0.03808306250092672,0.0034757778831978597,False,False,衰退,模型B：切换AR(1)回归,-0.14855682082597776,0.328431070008821,False,True,滞胀,True,False,False
2018-01-31,0.5015212366436279,0.002902112752215402,True,False,复苏,模型B：切换AR(1)回归,0.45881179037162495,0.18297381209737215,True,True,过热,True,False,False
2018-02-28,0.5062050252157063,0.0032457749435925356,True,False,复苏,模型B：切换AR(1)回归,-0.9950799659966264,0.48498330109718946,False,True,滞胀,False,False,False
2018-03-31,0.5114051851192905,0.004241547712747547,True,False,复苏,模型B：切换AR(1)回归,-0.18201049168749203,0.20791817644713298,False,True,滞胀,False,False,False
2018-04-30,0.04864865541007327,0.006829093801102936,False,False,衰退,模型B：切换AR(1)回归,-0.12910741211107613,0.16219972533811045,False,True,滞胀,True,False,False
2018-05-31,0.007564719478915915,0.0071444462261950874,False,False,衰退,模型B：切换AR(1)回归,-0.048195808241436405,0.23977435285110865,False,True,滞胀,True,False,False
2018-06-30,0.004349839659300952,0.008095596440325124,False,False,衰退,模型B：切换AR(1)回归,-0.18201049168749203,0.3325884640671144,False,True,滞胀,True,False,False
2018-07-31,0.003475045776034512,0.38289929299082714,False,False,衰退,模型B：切换AR(1)回归,-0.23919312905306833,0.37414952111784344,False,True,滞胀,True,False,False
2018-08-31,0.003855619970830057,0.008260412366182352,False,False,衰退,模型B：切换AR(1)回归,-0.212935854061383,0.3713822195897163,False,True,滞胀,True,False,False
2018-09-30,0.009955725594284232,0.008345419670474226,False,False,衰退,模型B：切换AR(1)回归,-0.32982943728016023,0.3686149180615893,False,True,滞胀,True,False,False
2018-10-31,0.005281740191169569,0.010184246236532716,False,False,衰退,模型B：切换AR(1)回归,-0.4369983161414853,0.3353686491274471,False,True,滞胀,True,False,False
2018-11-30,0.004418197215699359,0.015375567308999262,False,False,衰退,模型B：切换AR(1)回归,-0.5111020537343414,0.1899113912159984,False,True,滞胀,True,False,False
2018-12-31,0.01227817753921694,0.02691059737447144,False,False,衰退,模型B：切换AR(1)回归,-0.6038781408560128,-0.08853094243201891,False,False,衰退,True,True,True
2019-01-31,0.08500908626616088,0.019352777686379278,False,False,衰退,模型B：切换AR(1)回归,-0.5058186101812459,-0.22983080628517422,False,False,衰退,True,True,True
2019-02-28,0.4713136272126574,0.012017754818250568,False,False,衰退,模型B：切换AR(1)回归,-0.810343964295307,-0.2824739529806173,False,False,衰退,True,True,True
2019-03-31,0.49111777601877504,0.007829330230146874,False,False,衰退,模型B：切换AR(1)回归,-0.19270938616039368,-0.03865509726470297,False,False,衰退,True,True,True
2019-04-30,0.23678692282178937,0.005382802115218884,False,False,衰退,模型B：切换AR(1)回归,-0.4920411746124821,0.06939849765431033,False,True,滞胀,True,False,False
2019-05-31,0.023157624111912477,0.0036476269449005304,False,False,衰退,模型B：切换AR(1)回归,-0.6542529119448053,0.08879537541561133,False,True,滞胀,True,False,False
2019-06-30,0.006423070933537431,0.003140701241480482,False,False,衰退,模型B：切换AR(1)回归,-0.5606997656370477,0.02230283754732712,False,True,滞胀,True,False,False
2019-07-31,0.007056192279486565,0.0035031779239227947,False,False,衰退,模型B：切换AR(1)回归,-0.6114630663188827,0.015378141960906477,False,True,滞胀,True,False,False
2019-08-31,0.004370261727909761,0.004972106132308905,False,False,衰退,模型B：切换AR(1)回归,-0.6783704080419112,-0.040032306262663714,False,False,衰退,True,True,True
2019-09-30,0.0042664520730433175,0.005001510759376646,False,False,衰退,模型B：切换AR(1)回归,-0.5204382284987497,-0.031717518146076734,False,False,衰退,True,True,True
2019-10-31,0.006021932715888315,0.0037223237554237757,False,False,衰退,模型B：切换AR(1)回归,-0.6949029786761471,0.13452671005683936,False,True,滞胀,True,False,False
2019-11-30,0.011511185912892713,0.003565492402151576,False,False,衰退,模型B：切换AR(1)回归,-0.41540912853200274,0.3409419027803183,False,True,滞胀,True,False,False
2019-12-31,0.054231594384150233,0.003536785501090779,False,False,衰退,模型B：切换AR(1)回归,-0.36503435744321017,0.4406807095827446,False,True,滞胀,True,False,False
2020-01-31,0.5812789320169608,0.004533015260206267,True,False,复苏,模型B：切换AR(1)回归,-1.2101253338652522,0.7440674075805226,False,True,滞胀,False,False,False
2020-02-29,1.0000000000000007,0.0045921633274194195,True,False,复苏,模型B：切换AR(1)回归,-5.486908606904992,0.6360138126615094,False,True,滞胀,False,False,False
2020-03-31,1.0000000000000007,0.0060507739371075606,True,False,复苏,模型B：切换AR(1)回归,-0.5976502028359507,0.27721666644016113,False,True,滞胀,False,False,False
2020-04-30,0.5413209051954277,0.008845425374920168,True,False,复苏,模型B：切换AR(1)回归,-0.466560958806883,-0.16331250135247888,False,False,衰退,False,True,False
2020-05-31,0.05972130808335958,0.014116036702971107,False,False,衰退,模型B：切换AR(1)回归,-0.4687007377014625,-0.4666991993502568,False,False,衰退,True,True,True
2020-06-30,0.020084556388358744,0.02160984510970477,False,False,衰退,模型B：切换AR(1)回归,-0.38273251685657617,-0.362802998489537,False,False,衰退,True,True,True
2020-07-31,0.021533559973709555,0.03563409642064848,False,False,衰退,模型B：切换AR(1)回归,-0.3446107586128577,-0.24366731392580968,False,False,衰退,True,True,True
2020-08-31,0.06065000828443122,0.061676683188510266,False,False,衰退,模型B：切换AR(1)回归,-0.3061004707760968,-0.27830367539011824,False,False,衰退,True,True,True
2020-09-30,0.42327435260194535,0.09992631176828291,False,False,衰退,模型B：切换AR(1)回归,-0.11724292885904439,-0.473636778468883,False,False,衰退,True,True,True
2020-10-31,0.9557309609891114,0.18248728362722716,True,False,复苏,模型B：切换AR(1)回归,-0.1363038079809036,-0.7894956586415414,False,False,衰退,False,True,False
2020-11-30,0.4810034511203778,0.31126655392124675,False,False,衰退,模型B：切换AR(1)回归,0.004318741741937054,-0.9862188542504726,True,False,复苏,False,True,False
2020-12-31,0.4676305609579262,0.4137378866080609,False,False,衰退,模型B：切换AR(1)回归,-0.012213828892298856,-0.6800648547245673,False,False,衰退,True,True,True
2021-01-31,0.9998831146606418,0.41708235138987915,True,False,复苏,模型B：切换AR(1)回归,1.1758657123183474,-0.7340980939501769,True,False,复苏,True,True,True
2021-02-28,0.9998287261928256,0.4304444787124428,True,False,复苏,模型B：切换AR(1)回归,2.9811925038116738,-0.5526272655764589,True,False,复苏,True,True,True
2021-03-31,0.9468442812115446,0.46313712250190353,True,False,复苏,模型B：切换AR(1)回归,0.47714109025597207,-0.09548140508285069,True,False,复苏,True,True,True
2021-04-30,0.353707164670039,0.47601674334711286,False,False,衰退,模型B：切换AR(1)回归,0.015209034878518032,0.3020966131288938,True,True,过热,False,False,False
2021-05-31,0.03833085629587117,0.48716453734877563,False,False,衰退,模型B：切换AR(1)回归,-0.07581580294161633,0.6511888787034887,False,True,滞胀,True,False,False
2021-06-30,0.009062701017107936,0.47707403973762386,False,False,衰退,模型B：切换AR(1)回归,-0.13085866141261313,0.5763815527186177,False,True,滞胀,True,False,False
2021-07-31,0.022926034478410982,0.4736645567544958,False,False,衰退,模型B：切换AR(1)回归,-0.36289457854863066,0.5722241586603242,False,True,滞胀,True,False,False
2021-08-31,0.07732315225760551,0.47520059154324307,False,False,衰退,模型B：切换AR(1)回归,-0.49923757048230966,0.5749914601884514,False,True,滞胀,True,False,False
2021-09-30,0.5009105351464992,0.48283805244966427,True,False,复苏,模型B：切换AR(1)回归,-0.7528626752278097,0.6816549625772981,False,True,滞胀,False,False,False
2021-10-31,0.50144960177108,0.4879468795976175,True,False,复苏,模型B：切换AR(1)回归,-0.8003206082359351,1.2025260594110634,False,True,滞胀,False,False,False
2021-11-30,0.08552530423470515,0.49545771065853333,False,False,衰退,模型B：切换AR(1)回归,-0.6071835085297224,1.3466061083245513,False,True,滞胀,True,False,False
2021-12-31,0.023276466705937367,0.49859603192375035,False,False,衰退,模型B：切换AR(1)回归,-0.5330797709368678,0.8478991907802144,False,True,滞胀,True,False,False
2022-01-31,0.08634324539825773,0.499587088783258,False,False,衰退,模型B：切换AR(1)回归,-0.6030126933754464,0.5569846749573165,False,True,滞胀,True,False,False
2022-02-28,0.5220016969345888,0.49998921680647174,True,False,复苏,模型B：切换AR(1)回归,0.05925830646574365,0.5237384060231746,True,True,过热,True,False,False
2022-03-31,0.6316986714119053,0.4992928667839412,True,False,复苏,模型B：切换AR(1)回归,-0.6351920328229461,0.6262573978859336,False,True,滞胀,False,False,False
2022-04-30,0.9972631285817992,0.4993891426075622,True,False,复苏,模型B：切换AR(1)回归,-1.603985768098358,0.7509405690381206,False,True,滞胀,False,False,False
2022-05-31,0.6436268549808697,0.49991543917112224,True,False,复苏,模型B：切换AR(1)回归,-0.92557617610367,0.5736271347226961,False,True,滞胀,False,False,False
2022-06-30,0.42598011617163783,0.49999157726335947,False,False,衰退,模型B：切换AR(1)回归,-0.5809262335380356,0.6456671591794401,False,True,滞胀,True,False,False
2022-07-31,0.3352874577902631,0.4998120485655662,False,False,衰退,模型B：切换AR(1)回归,-0.816853178870171,0.48775060262531655,False,True,滞胀,True,False,False
2022-08-31,0.26493487713229047,0.4880750572826104,False,False,衰退,模型B：切换AR(1)回归,-0.7118240789034255,0.2245477526803068,False,True,滞胀,True,False,False
2022-09-30,0.2987794497345131,0.48377644852927193,False,False,衰退,模型B：切换AR(1)回归,-0.4272736117840345,0.14836321769747488,False,True,滞胀,True,False,False
2022-10-31,0.47287303993171276,0.4830886882047005,False,False,衰退,模型B：切换AR(1)回归,-0.6923746701885224,-0.27969376792028455,False,False,衰退,True,True,True
2022-11-30,0.6661108960957753,0.48371265940300057,True,False,复苏,模型B：切换AR(1)回归,-1.1226043040060008,-0.41130163465889225,False,False,衰退,False,True,False
2022-12-31,0.6163175582399887,0.4880595417630965,True,False,复苏,模型B：切换AR(1)回归,-1.3779806580530378,-0.29216595009516494,False,False,衰退,False,True,False
2023-01-31,0.9999443653884111,0.49777922576850137,True,False,复苏,模型B：切换AR(1)回归,-1.5854012572766853,-0.2242833196967144,False,False,衰退,False,True,False
2023-02-28,0.9999979267648839,0.4997901968318012,True,False,复苏,模型B：切换AR(1)回归,0.9469855096550213,-0.5803131643899355,True,False,复苏,True,True,True
2023-03-31,0.9903429344170458,0.4997363978220636,True,False,复苏,模型B：切换AR(1)回归,-0.2568912884664343,-0.7811808705249546,False,False,衰退,False,True,False
2023-04-30,0.5730519174582182,0.493482754323606,True,False,复苏,模型B：切换AR(1)回归,-0.6491962949695573,-1.061013296703138,False,False,衰退,False,True,False
2023-05-31,0.2577672308393171,0.48042309567216646,False,False,衰退,模型B：切换AR(1)回归,-0.876564124723372,-1.145512619802557,False,False,衰退,True,True,True
2023-06-30,0.03876996766774883,0.4757367124460307,False,False,衰退,模型B：切换AR(1)回归,-0.7736748036512059,-1.2868124836557122,False,False,衰退,True,True,True
2023-07-31,0.00959155301864506,0.47336774653379377,False,False,衰退,模型B：切换AR(1)回归,-0.7668669373744222,-1.2549563072517365,False,False,衰退,True,True,True
2023-08-31,0.005901820110622173,0.33208206571400967,False,False,衰退,模型B：切换AR(1)回归,-0.6330522539283653,-0.9945207588348539,False,False,衰退,True,True,True
2023-09-30,0.013838925410877945,0.2301707196400554,False,False,衰退,模型B：切换AR(1)回归,-0.5377478583190706,-0.9654318839590053,False,False,衰退,True,True,True
2023-10-31,0.021209206866282908,0.572058138401616,False,True,滞胀,模型B：切换AR(1)回归,-0.6639776163022562,-1.0291571202991623,False,False,衰退,True,False,False
2023-11-30,0.011336144692961745,0.16428167566138496,False,False,衰退,模型B：切换AR(1)回归,-0.5391105780275651,-1.152450198921183,False,False,衰退,True,True,True
2023-12-31,0.054927977508407666,0.5131464166147166,False,True,滞胀,模型B：切换AR(1)回归,-0.6009613027753455,-1.066560783291598,False,False,衰退,True,False,False
2024-01-31,0.5043232305307068,0.1469389826107706,True,False,复苏,模型B：切换AR(1)回归,0.8404576500847383,-1.1760044707407775,True,False,复苏,True,True,True
2024-02-29,0.5169961322680034,0.14860875183545127,True,False,复苏,模型B：切换AR(1)回归,-1.9851976182698516,-0.8033450498143826,False,False,衰退,False,True,False
2024-03-31,0.5781337787224544,0.16030844048447693,True,False,复苏,模型B：切换AR(1)回归,-0.4233825835879179,-0.9723565795454258,False,False,衰退,False,True,False
2024-04-30,0.12750775456564722,0.0928148186251023,False,False,衰退,模型B：切换AR(1)回归,-0.34130539093914813,-0.8864671639158406,False,False,衰退,True,True,True
2024-05-31,0.023044696293466355,0.057046211386046035,False,False,衰退,模型B：切换AR(1)回归,-0.5920136576039811,-0.7645641778239862,False,False,衰退,True,True,True
2024-06-30,0.005762543517688384,0.03904037314936719,False,False,衰退,模型B：切换AR(1)回归,-0.6136028452134636,-0.7243932133034235,False,False,衰退,True,True,True
2024-07-31,0.00494423791893322,0.02917049643622014,False,False,衰退,模型B：切换AR(1)回归,-0.6470565160749779,-0.645428493260259,False,False,衰退,True,True,True
2024-08-31,0.010256900252242122,0.022002627196517757,False,False,衰退,模型B：切换AR(1)回归,-0.7474175286595193,-0.7299278163596777,False,False,衰退,True,True,True
2024-09-30,0.047184847479588406,0.011295824136009134,False,False,衰退,模型B：切换AR(1)回归,-0.5492238119780597,-0.8933918595022612,False,False,衰退,True,True,True
2024-10-31,0.024528556142986373,0.006093323047010825,False,False,衰退,模型B：切换AR(1)回归,-0.49923757048230966,-0.9307955224946967,False,False,衰退,True,True,True
2024-11-30,0.014674094439557323,0.003871896395840878,False,False,衰退,模型B：切换AR(1)回归,-0.45391941636876504,-0.9127887372635621,False,False,衰退,True,True,True
2024-12-31,0.06023962957119091,0.0031713072319009858,False,False,衰退,模型B：切换AR(1)回归,-0.434470007653862,-0.9169461313218557,False,False,衰退,True,True,True
2025-01-31,0.5023029028768665,0.0034137100868324418,True,False,复苏,模型B：切换AR(1)回归,-1.870774923939594,-0.8116598379309694,False,False,衰退,False,True,False
2025-02-28,0.5021144355708772,0.0023054107525839686,True,False,复苏,模型B：切换AR(1)回归,1.3707363263591863,-1.116436628458914,True,False,复苏,True,True,True
2025-03-31,0.5025351959438268,0.0020224805714023674,True,False,复苏,模型B：切换AR(1)回归,-0.25028055311901376,-0.9917534573067268,False,False,衰退,False,True,False
2025-04-30,0.062071196023934995,0.0023514345503286467,False,False,衰退,模型B：切换AR(1)回归,-0.6513360738641383,-1.0139176365961549,False,False,衰退,True,True,True
2025-05-31,0.00849090174218049,0.0015149612033790848,False,False,衰退,模型B：切换AR(1)回归,-0.577620865864326,-1.080410174464439,False,False,衰退,True,True,True
2025-06-30,0.004940173684664444,0.0012774768204105078,False,False,衰退,模型B：切换AR(1)回归,-0.46753514892233244,-1.061013296703138,False,False,衰退,True,True,True
2025-07-31,0.008615508475487404,0.0010461747168615068,False,False,衰退,模型B：切换AR(1)回归,-0.6229390199778719,-1.0873348700508596,False,False,衰退,True,True,True
2025-08-31,0.041341579613956465,0.0008307204573916949,False,False,衰退,模型B：切换AR(1)回归,-0.6398601202051504,-1.1150465359287476,False,False,衰退,True,True,True
2025-09-30,0.4188427051845804,0.0008640216826660326,False,False,衰退,模型B：切换AR(1)回归,-0.4700634574099571,-1.0222324247127417,False,False,衰退,True,True,True
2025-10-31,0.5044965815666506,0.001156345357217255,True,False,复苏,模型B：切换AR(1)回归,-0.7376928243020684,-0.868460378684706,False,False,衰退,False,True,False
2025-11-30,0.12617778927208773,0.0019227496579427902,False,False,衰退,模型B：切换AR(1)回归,-0.7067674619281774,-0.7479346015908124,False,False,衰退,True,True,True
2025-12-31,0.045756420361503125,0.0032802367629594896,False,False,衰退,模型B：切换AR(1)回归,-0.5064339663521371,-0.6883667593089486,False,False,衰退,True,True,True
2026-01-31,0.041872074685932036,0.006429194452001656,False,False,衰退,模型B：切换AR(1)回归,-0.5797606447589069,-0.7908857511717078,False,False,衰退,True,True,True
2026-02-28,0.0586398020081583,0.008584175898157348,False,False,衰退,模型B：切换AR(1)回归,-0.6369432821244831,-0.44593799612320073,False,False,衰退,True,True,True
2026-03-31,0.12357459424850206,0.014102905400451709,False,False,衰退,模型B：切换AR(1)回归,-0.4132693496374233,-0.36975346114036883,False,False,衰退,True,True,True
