segment_id,evaluation_type,date,model_value,prior_prob_low_state,prior_prob_high_state,prob_low_state,prob_high_state,state,growth_regime
segment_01,current_segment_refit,2005-12-31,1.9903882061306533,7.0642320605907616e-37,1.0,1.931892228850179e-40,1.0,高均值状态,经济增长偏强
segment_01,current_segment_refit,2006-01-31,0.403825452246096,0.07999999999999996,0.92,0.0007803182347893422,0.9992196817652107,高均值状态,经济增长偏强
segment_01,current_segment_refit,2006-02-28,0.1273787301363214,0.08060234286677588,0.9193976571332241,0.0014445907158152544,0.9985554092841847,高均值状态,经济增长偏强
segment_01,current_segment_refit,2006-03-31,3.515440769796271,0.08111510775256574,0.9188848922474343,8.416997320317088e-07,0.999999158300268,高均值状态,经济增长偏强
segment_01,current_segment_refit,2006-04-30,6.646586971089796,0.0800006497244418,0.9199993502755582,8.432651584858159e-10,0.9999999991567348,高均值状态,经济增长偏强
segment_01,current_segment_refit,2006-05-31,3.1526023626088318,0.08000000065093278,0.9199999993490672,1.842505142625538e-06,0.9999981574948574,高均值状态,经济增长偏强
segment_01,current_segment_refit,2006-06-30,2.6477683569918895,0.08000142226566054,0.9199985777343396,5.596560099910922e-06,0.9999944034399001,高均值状态,经济增长偏强
segment_01,current_segment_refit,2006-07-31,0.8102729127139625,0.08000432009391084,0.9199956799060892,0.00031917357771446927,0.9996808264222856,高均值状态,经济增长偏强
segment_01,current_segment_refit,2006-08-31,1.109348597726786,0.0802463763106235,0.9197536236893766,0.0001658333776197468,0.9998341666223803,高均值状态,经济增长偏强
segment_01,current_segment_refit,2006-09-30,5.428611963784775,0.08012801001902711,0.919871989980973,1.2325947618963338e-08,0.9999999876740523,高均值状态,经济增长偏强
segment_01,current_segment_refit,2006-10-31,3.1773810481498757,0.08000000951463936,0.9199999904853605,1.744721264632137e-06,0.9999982552787354,高均值状态,经济增长偏强
segment_01,current_segment_refit,2006-11-30,3.291176308989648,0.08000134678437769,0.9199986532156224,1.3582255695216625e-06,0.9999986417744304,高均值状态,经济增长偏强
segment_01,current_segment_refit,2006-12-31,2.678905325619297,0.08000104844081142,0.9199989515591885,5.225878583694364e-06,0.9999947741214162,高均值状态,经济增长偏强
segment_01,current_segment_refit,2007-01-31,3.4148861411233895,0.08000403395761775,0.9199959660423822,1.0345455759625287e-06,0.999998965454424,高均值状态,经济增长偏强
segment_01,current_segment_refit,2007-02-28,1.179651211004007,0.0800007985859105,0.9199992014140894,0.00014159314407284905,0.9998584068559272,高均值状态,经济增长偏强
segment_01,current_segment_refit,2007-03-31,3.9438102039107505,0.08010929850990814,0.919890701490092,3.234747537370028e-07,0.9999996765252462,高均值状态,经济增长偏强
segment_01,current_segment_refit,2007-04-30,6.839850678085945,0.08000024969647225,0.9199997503035278,5.511197172602173e-10,0.9999999994488803,高均值状态,经济增长偏强
segment_01,current_segment_refit,2007-05-31,3.487976848539496,0.08000000042542002,0.91999999957458,8.807809551810349e-07,0.9999991192190447,高均值状态,经济增长偏强
segment_01,current_segment_refit,2007-06-30,2.759584055496184,0.08000067989200028,0.9199993201079996,4.3756957695465926e-06,0.9999956243042304,高均值状态,经济增长偏强
segment_01,current_segment_refit,2007-07-31,1.5150638944645252,0.08000337768491934,0.9199966223150806,6.768802241812398e-05,0.9999323119775819,高均值状态,经济增长偏强
segment_01,current_segment_refit,2007-08-31,1.6654406019726125,0.0800522497048665,0.9199477502951335,4.8649982362995184e-05,0.999951350017637,高均值状态,经济增长偏强
segment_01,current_segment_refit,2007-09-30,4.075401983831988,0.08003755387038085,0.9199624461296192,2.419055466910207e-07,0.9999997580944533,高均值状态,经济增长偏强
segment_01,current_segment_refit,2007-10-31,1.3298775765017297,0.0800001867316102,0.9199998132683898,0.00010173582764782911,0.9998982641723522,高均值状态,经济增长偏强
segment_01,current_segment_refit,2007-11-30,3.263094585857175,0.08007853186987964,0.9199214681301204,1.446328027646742e-06,0.9999985536719724,高均值状态,经济增长偏强
segment_01,current_segment_refit,2007-12-31,2.696230568081212,0.08000111644881742,0.9199988835511828,5.030380506269176e-06,0.9999949696194937,高均值状态,经济增长偏强
segment_01,current_segment_refit,2008-01-31,1.0654807908744388,0.08000388304883828,0.9199961169511618,0.00018203866194223194,0.9998179613380578,高均值状态,经济增长偏强
segment_01,current_segment_refit,2008-02-29,1.3079868700109003,0.08014051919410535,0.9198594808058946,0.000106960040157336,0.9998930399598426,高均值状态,经济增长偏强
segment_01,current_segment_refit,2008-03-31,6.069306019113199,0.08008256454142224,0.9199174354585776,3.00743105751336e-09,0.999999996992569,高均值状态,经济增长偏强
segment_01,current_segment_refit,2008-04-30,7.187801952979136,0.08000000232149466,0.9199999976785054,2.5626113750022613e-10,0.9999999997437388,高均值状态,经济增长偏强
segment_01,current_segment_refit,2008-05-31,1.1481574790473417,0.08000000019781293,0.919999999802187,0.00015175181624950784,0.9998482481837505,高均值状态,经济增长偏强
segment_01,current_segment_refit,2008-06-30,0.3622781601659,0.08011714018712228,0.9198828598128778,0.0008563260747932995,0.9991436739252066,高均值状态,经济增长偏强
segment_01,current_segment_refit,2008-07-31,-3.514331058127617,0.08066101480112814,0.9193389851988719,0.8140855875545967,0.18591441244540324,低均值状态,经济增长偏弱
segment_01,current_segment_refit,2008-08-31,-3.90603402675886,0.7084085450610706,0.29159145493892935,0.9965291673594986,0.003470832640501366,低均值状态,经济增长偏弱
segment_01,current_segment_refit,2008-09-30,-0.35132208624429495,0.8492403031632159,0.1507596968367841,0.21046254470565762,0.7895374552943424,高均值状态,经济增长偏强
segment_01,current_segment_refit,2008-10-31,-7.269421110121179,0.242460143663289,0.757539856336711,0.9999838719103981,1.6128089601827062e-05,低均值状态,经济增长偏弱
segment_01,current_segment_refit,2008-11-30,-13.754093463102251,0.8519070569955345,0.14809294300446538,0.999999999999431,5.689906593415287e-13,低均值状态,经济增长偏弱
segment_01,current_segment_refit,2008-12-31,-11.223589152103912,0.851919506582063,0.14808049341793705,0.9999999998508426,1.4915744262424652e-10,低均值状态,经济增长偏弱
segment_01,current_segment_refit,2009-01-31,-6.331461141210909,0.8519195064673647,0.1480804935326354,0.9999929303817074,7.069618292641796e-06,低均值状态,经济增长偏弱
segment_01,current_segment_refit,2009-02-28,-3.0354100712672363,0.851914049406238,0.14808595059376206,0.9901060529350673,0.00989394706493272,低均值状态,经济增长偏弱
segment_01,current_segment_refit,2009-03-31,0.6105249414283591,0.8442821758459859,0.15571782415401408,0.02996993002772231,0.9700300699722776,高均值状态,经济增长偏强
segment_01,current_segment_refit,2009-04-30,2.5892188656730895,0.10313437359931148,0.8968656264006883,8.41870625088786e-06,0.9999915812937491,高均值状态,经济增长偏强
segment_01,current_segment_refit,2009-05-31,1.9359006889806025,0.08000649856357521,0.9199935014364249,2.6811702223152017e-05,0.9999731882977768,高均值状态,经济增长偏强
segment_01,current_segment_refit,2009-06-30,3.3341222900251495,0.0800206964759507,0.9199793035240493,1.2360601204815415e-06,0.9999987639398794,高均值状态,经济增长偏强
segment_01,current_segment_refit,2009-07-31,4.3714960676383114,0.08000095413891826,0.9199990458610816,1.2601777826917344e-07,0.9999998739822218,高均值状态,经济增长偏强
segment_01,current_segment_refit,2009-08-31,4.341424627516574,0.08000009727558119,0.9199999027244189,1.3463816046287859e-07,0.9999998653618396,高均值状态,经济增长偏强
segment_01,current_segment_refit,2009-09-30,4.874656442800763,0.08000010392982236,0.9199998960701777,4.164096072370022e-08,0.9999999583590393,高均值状态,经济增长偏强
segment_01,current_segment_refit,2009-10-31,6.090227401717669,0.08000003214346982,0.9199999678565302,2.8688831296871216e-09,0.9999999971311169,高均值状态,经济增长偏强
segment_01,current_segment_refit,2009-11-30,5.3297635835177175,0.08000000221454681,0.9199999977854532,1.5294734505831023e-08,0.9999999847052655,高均值状态,经济增长偏强
segment_01,current_segment_refit,2009-12-31,6.020954198032619,0.08000001180630388,0.9199999881936962,3.3413506650493424e-09,0.9999999966586494,高均值状态,经济增长偏强
segment_01,current_segment_refit,2010-01-31,4.800808886420704,0.08000000257925372,0.9199999974207463,4.8989329198897244e-08,0.9999999510106707,高均值状态,经济增长偏强
segment_01,current_segment_refit,2010-02-28,0.5392263551730565,0.08000003781581878,0.9199999621841811,0.0005793580651703697,0.9994206419348296,高均值状态,经济增长偏强
segment_01,current_segment_refit,2010-03-31,3.4601341262958414,0.08044721779180086,0.919552782208199,9.421311418461797e-07,0.9999990578688582,高均值状态,经济增长偏强
segment_01,current_segment_refit,2010-04-30,4.0271640241187185,0.08000072724940611,0.9199992727505939,2.6886421397572443e-07,0.9999997311357861,高均值状态,经济增长偏强
segment_01,current_segment_refit,2010-05-31,2.162628680848883,0.08000020754153135,0.9199997924584687,1.627765357079718e-05,0.9999837223464292,高均值状态,经济增长偏强
segment_01,current_segment_refit,2010-06-30,0.24235288996262483,0.08001256503831264,0.9199874349616873,0.001113094474444474,0.9988869055255556,高均值状态,经济增长偏强
segment_01,current_segment_refit,2010-07-31,-0.7682720483575167,0.08085921933749285,0.9191407806625073,0.010313605875525439,0.9896863941244745,高均值状态,经济增长偏强
segment_01,current_segment_refit,2010-08-31,-0.4704849456301332,0.08796127355852194,0.912038726441478,0.005897372971033967,0.994102627028966,高均值状态,经济增长偏强
segment_01,current_segment_refit,2010-09-30,1.576487896838195,0.08455229723393348,0.9154477027660665,6.280243021706018e-05,0.9999371975697828,高均值状态,经济增长偏强
segment_01,current_segment_refit,2010-10-31,3.0100226850983205,0.08004847842094528,0.9199515215790546,2.5232943216023705e-06,0.9999974767056784,高均值状态,经济增长偏强
segment_01,current_segment_refit,2010-11-30,2.974136633484875,0.08000194778010765,0.9199980522198924,2.728928659994994e-06,0.9999972710713401,高均值状态,经济增长偏强
segment_02,current_segment_refit,2010-12-31,1.5650656219862071,1.1940182228149946e-138,1.0,1.1032272756778734e-142,1.0,高均值状态,经济增长偏强
segment_02,current_segment_refit,2011-01-31,1.3884439297454492,0.2996093367443239,0.7003906632556761,0.00015741323770082709,0.9998425867622992,高均值状态,经济增长偏强
segment_02,current_segment_refit,2011-02-28,0.5301132471687495,0.29970699444726634,0.7002930055527337,0.11512988396986183,0.8848701160301382,高均值状态,经济增长偏强
segment_02,current_segment_refit,2011-03-31,1.757734831105445,0.37103484182093555,0.6289651581790645,1.2068674429593876e-05,0.9999879313255704,高均值状态,经济增长偏强
segment_02,current_segment_refit,2011-04-30,1.4271860125276845,0.29961682403725787,0.7003831759627421,0.00011625495215766391,0.9998837450478423,高均值状态,经济增长偏强
segment_02,current_segment_refit,2011-05-31,0.4829570674672823,0.2996814602311997,0.7003185397688002,0.15835835967446146,0.8416416403255387,高均值状态,经济增长偏强
segment_02,current_segment_refit,2011-06-30,-0.6366022931214914,0.397853384534844,0.6021466154651561,0.9994607066339396,0.0005392933660603189,低均值状态,经济增长偏弱
segment_02,current_segment_refit,2011-07-31,-0.9438207746819813,0.9196654274309404,0.0803345725690595,0.9999971862605911,2.8137394089709882e-06,低均值状态,经济增长偏弱
segment_02,current_segment_refit,2011-08-31,-0.8647091041849322,0.919998254382342,0.08000174561765813,0.9999947978844501,5.202115550013752e-06,低均值状态,经济增长偏弱
segment_02,current_segment_refit,2011-09-30,-0.5267147498198597,0.9199967726560837,0.08000322734391636,0.9999267483782022,7.325162179784568e-05,低均值状态,经济增长偏弱
segment_02,current_segment_refit,2011-10-31,-1.3158430922637692,0.9199545553777683,0.08004544462223169,0.9999998474956819,1.5250431807482108e-07,低均值状态,经济增长偏弱
segment_02,current_segment_refit,2011-11-30,-2.693409212124287,0.919999905387745,0.080000094612255,0.9999999999968273,3.172637250491368e-12,低均值状态,经济增长偏弱
segment_02,current_segment_refit,2011-12-31,-1.22739986009789,0.9199999999980317,0.08000000000196823,0.9999996955021785,3.044978216006579e-07,低均值状态,经济增长偏弱
segment_02,current_segment_refit,2012-01-31,-0.7768724983353223,0.9199998110923946,0.08000018890760546,0.9999896562697219,1.0343730278108383e-05,低均值状态,经济增长偏弱
segment_02,current_segment_refit,2012-02-29,-0.2983358656718238,0.9199935828463123,0.08000641715368774,0.999562666343798,0.00043733365620203074,低均值状态,经济增长偏弱
segment_02,current_segment_refit,2012-03-31,1.9006076657082147,0.9197286822829648,0.08027131771703518,7.662951813295993e-05,0.9999233704818671,高均值状态,经济增长偏强
segment_02,current_segment_refit,2012-04-30,2.1823382516881367,0.29965687698190335,0.7003431230180966,3.1564216547597487e-07,0.9999996843578346,高均值状态,经济增长偏强
segment_02,current_segment_refit,2012-05-31,-0.6089424629614868,0.2996095325657763,0.7003904674342237,0.9989662483421693,0.0010337516578307613,低均值状态,经济增长偏弱
segment_02,current_segment_refit,2012-06-30,-0.679856675379348,0.9193586701233568,0.08064132987664324,0.9999777081977311,2.2291802268818036e-05,低均值状态,经济增长偏弱
segment_02,current_segment_refit,2012-07-31,-0.6060710588823,0.9199861703740053,0.08001382962599467,0.9999606263392097,3.937366079024197e-05,低均值状态,经济增长偏弱
segment_02,current_segment_refit,2012-08-31,-1.7042202041474397,0.9199755729484674,0.08002442705153243,0.9999999927007756,7.29922446078727e-09,低均值状态,经济增长偏弱
segment_02,current_segment_refit,2012-09-30,-1.0734450572856886,0.9199999954716294,0.08000000452837067,0.9999989842376056,1.0157623943908187e-06,低均值状态,经济增长偏弱
segment_02,current_segment_refit,2012-10-31,-0.5152703886928549,0.9199993698304945,0.08000063016950552,0.9999198890156167,8.011098438324862e-05,低均值状态,经济增长偏弱
segment_02,current_segment_refit,2012-11-30,-0.5739209784643364,0.9199502998932644,0.08004970010673554,0.9999493390850588,5.066091494126072e-05,低均值状态,经济增长偏弱
segment_02,current_segment_refit,2012-12-31,-0.6593389244051266,0.9199685704413785,0.08003142955862151,0.9999740410519742,2.5958948025743535e-05,低均值状态,经济增长偏弱
segment_02,current_segment_refit,2013-01-31,-0.5167758932243984,0.9199838953110169,0.08001610468898306,0.9999208105395545,7.918946044546395e-05,低均值状态,经济增长偏弱
segment_02,current_segment_refit,2013-02-28,-1.0252097371408766,0.9199508715981114,0.08004912840188858,0.9999985174573326,1.4825426673506779e-06,低均值状态,经济增长偏弱
segment_02,current_segment_refit,2013-03-31,-0.2997811780278923,0.9199990802443713,0.08000091975562866,0.9995676148331007,0.0004323851668992951,低均值状态,经济增长偏弱
segment_02,current_segment_refit,2013-04-30,-0.07670843042856745,0.9197317522795254,0.08026824772047453,0.9975188269041964,0.0024811730958035965,低均值状态,经济增长偏弱
segment_02,current_segment_refit,2013-05-31,0.0906866034322178,0.9184607033774422,0.08153929662255768,0.9907105341339214,0.009289465866078594,低均值状态,经济增长偏弱
segment_02,current_segment_refit,2013-06-30,-0.6781336178219775,0.9142369021100526,0.08576309788994743,0.9999758359843899,2.416401561011374e-05,低均值状态,经济增长偏弱
segment_02,current_segment_refit,2013-07-31,-0.39712925137275334,0.9199850088703287,0.08001499112967124,0.9997980606130364,0.00020193938696361655,低均值状态,经济增长偏弱
segment_02,current_segment_refit,2013-08-31,0.21865829912260892,0.9198747186897843,0.08012528131021576,0.9755689419842556,0.0244310580157444,低均值状态,经济增长偏弱
segment_02,current_segment_refit,2013-09-30,0.2964297020968232,0.9048431997135745,0.09515680028642554,0.94735867026409,0.05264132973590992,低均值状态,经济增长偏弱
segment_02,current_segment_refit,2013-10-31,0.5823430071450701,0.8873418105304781,0.11265818946952186,0.6140753916392835,0.38592460836071646,低均值状态,经济增长偏弱
segment_02,current_segment_refit,2013-11-30,0.4815392468912947,0.680575976252408,0.31942402374759193,0.48646236134243126,0.5135376386575687,高均值状态,经济增长偏强
segment_02,current_segment_refit,2013-12-31,0.1255784309966259,0.6014060437464772,0.3985939562535228,0.9157702905948037,0.08422970940519621,低均值状态,经济增长偏弱
segment_02,current_segment_refit,2014-01-31,-0.33415042062245703,0.8677446747162775,0.1322553252837225,0.999420946871412,0.0005790531285880305,低均值状态,经济增长偏弱
segment_02,current_segment_refit,2014-02-28,-0.6681554118682698,0.9196407608454951,0.08035923915450496,0.9999756636528461,2.4336347153888974e-05,低均值状态,经济增长偏弱
segment_02,current_segment_refit,2014-03-31,-0.5328724012183983,0.919984901957448,0.08001509804255197,0.9999301828231763,6.981717682368564e-05,低均值状态,经济增长偏弱
segment_02,current_segment_refit,2014-04-30,-0.5701254508882414,0.9199566860753636,0.08004331392463625,0.9999478164490918,5.2183550908277484e-05,低均值状态,经济增长偏弱
segment_02,current_segment_refit,2014-05-31,-0.09372898508966188,0.9199676258122411,0.08003237418775899,0.9978344836724781,0.0021655163275219208,低均值状态,经济增长偏弱
segment_02,current_segment_refit,2014-06-30,0.0527712407593981,0.9186565338892777,0.08134346611072228,0.9930968849169738,0.006903115083026187,低均值状态,经济增长偏弱
segment_02,current_segment_refit,2014-07-31,0.649904864219863,0.9157173718551112,0.08428262814488884,0.5640090537472623,0.4359909462527377,低均值状态,经济增长偏弱
segment_02,current_segment_refit,2014-08-31,0.09354850269099302,0.6495152876807943,0.3504847123192058,0.9449266598904097,0.05507334010959028,低均值状态,经济增长偏弱
segment_02,current_segment_refit,2014-09-30,0.12326695754351391,0.8858330140017059,0.11416698599829411,0.9827381676712185,0.01726183232878148,低均值状态,经济增长偏弱
segment_02,current_segment_refit,2014-10-31,-0.13690815973716752,0.909290920392539,0.09070907960746097,0.9982280760763536,0.001771923923646441,低均值状态,经济增长偏弱
segment_02,current_segment_refit,2014-11-30,-0.597987058256237,0.9189007149417704,0.08109928505822957,0.9999574360242355,4.256397576454898e-05,低均值状态,经济增长偏弱
segment_02,current_segment_refit,2014-12-31,-0.7486458158813178,0.9199735937068447,0.08002640629315534,0.9999870950056596,1.2904994340346715e-05,低均值状态,经济增长偏弱
segment_02,current_segment_refit,2015-01-31,-1.057317261028075,0.9199919938620018,0.08000800613799808,0.999998847478998,1.1525210020454627e-06,低均值状态,经济增长偏弱
segment_02,current_segment_refit,2015-02-28,-1.002982847217453,0.9199992849867312,0.08000071501326884,0.9999982369747379,1.7630252620824979e-06,低均值状态,经济增长偏弱
segment_02,current_segment_refit,2015-03-31,-0.9021451043447328,0.9199989062355883,0.08000109376441164,0.9999961189233496,3.881076650432237e-06,低均值状态,经济增长偏弱
segment_02,current_segment_refit,2015-04-30,-0.8916072238981698,0.9199975922162827,0.08000240778371727,0.9999957852450997,4.214754900231097e-06,低均值状态,经济增长偏弱
segment_02,current_segment_refit,2015-05-31,-0.7925354158181506,0.919997385205412,0.08000261479458796,0.9999908491312858,9.15086871412467e-06,低均值状态,经济增长偏弱
segment_02,current_segment_refit,2015-06-30,-0.8661463565246805,0.919994322886489,0.08000567711351088,0.9999948557888976,5.144211102387188e-06,低均值状态,经济增长偏弱
segment_02,current_segment_refit,2015-07-31,-0.9111776231997837,0.9199968085794623,0.08000319142053769,0.999996383669468,3.6163305320573177e-06,低均值状态,经济增长偏弱
segment_02,current_segment_refit,2015-08-31,-1.18198871141999,0.9199977564623028,0.08000224353769729,0.9999995655647622,4.344352377905973e-07,低均值状态,经济增长偏弱
segment_02,current_segment_refit,2015-09-30,-1.0079745738490473,0.9199997304804347,0.08000026951956528,0.9999983045234574,1.6954765425589299e-06,低均值状态,经济增长偏弱
segment_02,current_segment_refit,2015-10-31,-0.9483807008280252,0.9199989481421832,0.08000105185781672,0.9999972971436506,2.702856349446824e-06,低均值状态,经济增长偏弱
segment_02,current_segment_refit,2015-11-30,-1.1542757230104854,0.9199983231731568,0.08000167682684328,0.9999994603614653,5.396385346708745e-07,低均值状态,经济增长偏弱
segment_03,current_segment_refit,2015-12-31,-1.0137131184030537,1.0,3.577203312676018e-17,1.0,2.639059721851747e-17,低均值状态,经济增长偏弱
segment_03,current_segment_refit,2016-01-31,-1.3363128503814679,0.8794144322832036,0.12058556771679643,0.9240476022178583,0.07595239778214168,低均值状态,经济增长偏弱
segment_03,current_segment_refit,2016-02-29,-1.7666137222150269,0.8186969893296447,0.18130301067035526,0.9085630407981187,0.09143695920188133,低均值状态,经济增长偏弱
segment_03,current_segment_refit,2016-03-31,-0.5388100224600194,0.8063184074531291,0.19368159254687084,0.8060912087787235,0.19390879122127644,低均值状态,经济增长偏弱
segment_03,current_segment_refit,2016-04-30,-0.6104736764192538,0.7244009460343247,0.27559905396567536,0.7332277798211277,0.26677222017887225,低均值状态,经济增长偏弱
segment_03,current_segment_refit,2016-05-31,-0.6215848717191008,0.6661528693399806,0.33384713066001936,0.677574984142932,0.32242501585706795,低均值状态,经济增长偏弱
segment_03,current_segment_refit,2016-06-30,-0.7018534467718709,0.6216632212779227,0.3783367787220773,0.6456751487889134,0.3543248512110866,低均值状态,经济增长偏弱
segment_03,current_segment_refit,2016-07-31,-0.7316267060243504,0.5961620325084622,0.4038379674915378,0.625305021826736,0.37469497817326397,低均值状态,经济增长偏弱
segment_03,current_segment_refit,2016-08-31,-0.254543254242968,0.5798778590274564,0.42012214097254363,0.5344166395158294,0.4655833604841706,低均值状态,经济增长偏弱
segment_03,current_segment_refit,2016-09-30,-0.22247693330424312,0.5072203744812442,0.49277962551875576,0.45607863731013215,0.5439213626898679,高均值状态,经济增长偏强
segment_03,current_segment_refit,2016-10-31,0.6652917744244178,0.4445958449217764,0.5554041550782237,0.2691663762361358,0.7308336237638643,高均值状态,经济增长偏强
segment_03,current_segment_refit,2016-11-30,0.9989356981269779,0.29517548584853764,0.7048245141514624,0.13453840500876812,0.8654615949912319,高均值状态,经济增长偏强
segment_03,current_segment_refit,2016-12-31,0.7212368181206728,0.18755194266037206,0.8124480573396279,0.09293413760028932,0.9070658623997107,高均值状态,经济增长偏强
segment_03,current_segment_refit,2017-01-31,0.7059467487862676,0.15429289084946438,0.8457071091505356,0.07559160610615055,0.9244083938938494,高均值状态,经济增长偏强
segment_03,current_segment_refit,2017-02-28,0.8468905557556994,0.14042902088072384,0.859570979119276,0.06268362468472195,0.9373163753152781,高均值状态,经济增长偏强
segment_03,current_segment_refit,2017-03-31,1.075863637489924,0.13011019424079037,0.8698898057592097,0.05018626679694633,0.9498137332030536,高均值状态,经济增长偏强
segment_03,current_segment_refit,2017-04-30,0.41163911154558264,0.1201196259798942,0.8798803740201058,0.06885633579362978,0.9311436642063702,高均值状态,经济增长偏强
segment_03,current_segment_refit,2017-05-31,0.4135086500584393,0.13504474858756613,0.8649552514124338,0.07788991152768662,0.9221100884723133,高均值状态,经济增长偏强
segment_03,current_segment_refit,2017-06-30,0.8360301383303721,0.14226631940449452,0.8577336805955055,0.0639963518553493,0.9360036481446506,高均值状态,经济增长偏强
segment_03,current_segment_refit,2017-07-31,0.38510819614362646,0.13115960728664017,0.8688403927133598,0.07679125263363182,0.9232087473663683,高均值状态,经济增长偏强
segment_03,current_segment_refit,2017-08-31,0.7308716653146163,0.1413880356284308,0.8586119643715693,0.06771460451514175,0.9322853954848582,高均值状态,经济增长偏强
segment_03,current_segment_refit,2017-09-30,1.347499576208186,0.13413203212575364,0.8658679678742462,0.04392921198696528,0.9560707880130348,高均值状态,经济增长偏强
segment_03,current_segment_refit,2017-10-31,0.4338419238220581,0.11511764606120833,0.8848823539387918,0.06495610796844208,0.935043892031558,高均值状态,经济增长偏强
segment_03,current_segment_refit,2017-11-30,0.6424047315439694,0.13192685017491856,0.8680731498250815,0.06625912917545022,0.9337408708245497,高均值状态,经济增长偏强
segment_03,current_segment_refit,2017-12-31,0.5359191554627429,0.13296850413337194,0.867031495866628,0.0712242457775854,0.9287757542224147,高均值状态,经济增长偏强
segment_03,current_segment_refit,2018-01-31,0.20996368675204735,0.13693769000308775,0.8630623099969122,0.08913270567208985,0.9108672943279101,高均值状态,经济增长偏强
segment_03,current_segment_refit,2018-02-28,-0.8954479741523826,0.15125397130271956,0.8487460286972804,0.18291107801647283,0.8170889219835271,高均值状态,经济增长偏强
segment_03,current_segment_refit,2018-03-31,0.4177435560012057,0.22622175559084734,0.7737782444091527,0.13625005616328334,0.8637499438367167,高均值状态,经济增长偏强
segment_03,current_segment_refit,2018-04-30,0.29624668194880854,0.18892026129632572,0.8110797387036742,0.11963651759527329,0.8803634824047266,高均值状态,经济增长偏强
segment_03,current_segment_refit,2018-05-31,0.6232607572824662,0.17563915879376485,0.824360841206235,0.091500129438941,0.9084998705610591,高均值状态,经济增长偏强
segment_03,current_segment_refit,2018-06-30,0.36058943313327063,0.15314652402927062,0.8468534759707295,0.09192330716953749,0.9080766928304626,高均值状态,经济增长偏强
segment_03,current_segment_refit,2018-07-31,0.023931469429825825,0.15348481841453032,0.8465151815854698,0.1119356764100289,0.8880643235899711,高均值状态,经济增长偏强
segment_03,current_segment_refit,2018-08-31,0.02911511089741481,0.16948299520955962,0.8305170047904404,0.12387617793976738,0.8761238220602326,高均值状态,经济增长偏强
segment_03,current_segment_refit,2018-09-30,-0.3109249148336133,0.17902840446113222,0.8209715955388679,0.15828445711758463,0.8417155428824153,高均值状态,经济增长偏强
segment_03,current_segment_refit,2018-10-31,-0.8093726782484936,0.20653487942590895,0.793465120574091,0.23626258797058172,0.7637374120294184,高均值状态,经济增长偏强
segment_03,current_segment_refit,2018-11-30,-1.1211926465221893,0.268871722632263,0.7311282773677371,0.3481842854475082,0.6518157145524919,高均值状态,经济增长偏强
segment_03,current_segment_refit,2018-12-31,-1.71195504228033,0.35834354288095266,0.6416564571190474,0.5426299948767515,0.45737000512324866,低均值状态,经济增长偏弱
segment_03,current_segment_refit,2019-01-31,-1.5064651474539232,0.513786249294236,0.48621375070576417,0.6629384596819329,0.33706154031806707,低均值状态,经济增长偏弱
segment_03,current_segment_refit,2019-02-28,-1.9371758923159632,0.6099625723853338,0.39003742761466614,0.7934071201214701,0.2065928798785299,低均值状态,经济增长偏弱
segment_03,current_segment_refit,2019-03-31,-0.5656335668099004,0.7142611025013565,0.28573889749864345,0.7174763303651474,0.28252366963485265,低均值状态,经济增长偏弱
segment_03,current_segment_refit,2019-04-30,-1.051804335681247,0.6535609333154905,0.3464390666845095,0.7238020537016953,0.2761979462983047,低均值状态,经济增长偏弱
segment_03,current_segment_refit,2019-05-31,-1.639724765581434,0.6586178078453575,0.3413821921546424,0.7964340887530189,0.20356591124698115,低均值状态,经济增长偏弱
segment_03,current_segment_refit,2019-06-30,-1.5081509080484992,0.7166809049114852,0.2833190950885149,0.8249714080075915,0.17502859199240853,低均值状态,经济增长偏弱
segment_03,current_segment_refit,2019-07-31,-1.1954386706782856,0.7394940497822639,0.26050595021773615,0.812211489347313,0.187788510652687,低均值状态,经济增长偏弱
segment_03,current_segment_refit,2019-08-31,-1.2568800877097672,0.7292935866504775,0.2707064133495225,0.8102575474703501,0.1897424525296499,低均值状态,经济增长偏弱
segment_03,current_segment_refit,2019-09-30,-0.8770886675089571,0.7277315773141908,0.2722684226858092,0.7684146445692923,0.23158535543070766,低均值状态,经济增长偏弱
segment_03,current_segment_refit,2019-10-31,-1.3254493297431011,0.6942817568464605,0.30571824315353946,0.7900095741981406,0.2099904258018594,低均值状态,经济增长偏弱
segment_03,current_segment_refit,2019-11-30,-0.49894136796014266,0.711545055255902,0.28845494474409805,0.7059488636653501,0.29405113633464985,低均值状态,经济增长偏弱
segment_03,current_segment_refit,2019-12-31,-0.4946062238084963,0.6443457100680086,0.35565428993199144,0.6374643955162806,0.36253560448371935,低均值状态,经济增长偏弱
segment_03,current_segment_refit,2020-01-31,-0.5261109557122339,0.589598237842403,0.41040176215759694,0.5872669327441298,0.4127330672558703,低均值状态,经济增长偏弱
segment_03,current_segment_refit,2020-02-29,-15.004521232311319,0.5494696616383468,0.45053033836165324,0.9999256122064855,7.43877935144485e-05,低均值状态,经济增长偏弱
segment_03,current_segment_refit,2020-03-31,1.298362383273684,0.8793549656074823,0.12064503439251754,0.6905330367393625,0.30946696326063744,低均值状态,经济增长偏弱
segment_03,current_segment_refit,2020-04-30,0.2169193925370081,0.6320220755377941,0.3679779244622059,0.513275677974984,0.486724322025016,低均值状态,经济增长偏弱
segment_03,current_segment_refit,2020-05-31,-0.010950831271202333,0.49031998471314825,0.5096800152868517,0.4061581259295464,0.5938418740704536,高均值状态,经济增长偏强
segment_03,current_segment_refit,2020-06-30,0.30028120679427417,0.40468866765717826,0.5953113323428217,0.28345286280874177,0.7165471371912583,高均值状态,经济增长偏强
segment_03,current_segment_refit,2020-07-31,0.4298702024409451,0.30659630940129906,0.693403690598701,0.19140506964087559,0.8085949303591244,高均值状态,经济增长偏强
segment_03,current_segment_refit,2020-08-31,0.25839129777504866,0.23301197508308757,0.7669880249169124,0.1537020111354563,0.8462979888645437,高均值状态,经济增长偏强
segment_03,current_segment_refit,2020-09-30,0.8743180868533855,0.20287160597263743,0.7971283940273626,0.09285339612639561,0.9071466038736044,高均值状态,经济增长偏强
segment_03,current_segment_refit,2020-10-31,2.483377622659333,0.1542283449499499,0.84577165505005,0.025378977004990935,0.9746210229950092,高均值状态,经济增长偏强
segment_03,current_segment_refit,2020-11-30,1.3791624405827605,0.10028832049437328,0.8997116795056268,0.0313786623401028,0.9686213376598972,高均值状态,经济增长偏强
segment_04,current_segment_refit,2020-12-31,0.7207843709221464,1.7100269024921075e-53,1.0,2.3133784509158212e-55,1.0,高均值状态,经济增长偏强
segment_04,current_segment_refit,2021-01-31,2.5476940840165696,0.31697306216017995,0.68302693783982,7.066451136878182e-07,0.9999992933548862,高均值状态,经济增长偏强
segment_04,current_segment_refit,2021-02-28,-0.5178201564319593,0.31697348828621896,0.6830265117137809,0.7490445178983132,0.2509554821016869,低均值状态,经济增长偏弱
segment_04,current_segment_refit,2021-03-31,0.9158345216422248,0.768667084094104,0.231332915905896,0.016743111960815717,0.9832568880391843,高均值状态,经济增长偏强
segment_04,current_segment_refit,2021-04-30,0.1594238414009439,0.32706960969581994,0.6729303903041801,0.09702768168492655,0.9029723183150734,高均值状态,经济增长偏强
segment_04,current_segment_refit,2021-05-31,-0.0406919676599955,0.375483367932338,0.624516632067662,0.26462501030604874,0.7353749896939513,高均值状态,经济增长偏强
segment_04,current_segment_refit,2021-06-30,-0.1684322465748309,0.47654907180086736,0.5234509281991326,0.5071380526873812,0.49286194731261873,低均值状态,经济增长偏弱
segment_04,current_segment_refit,2021-07-31,-0.7310786902328559,0.6227909691343008,0.3772090308656992,0.9684456659285045,0.03155433407149544,低均值状态,经济增长偏弱
segment_04,current_segment_refit,2021-08-31,-1.0924664755857592,0.9009718865492914,0.09902811345070854,0.9990221462746361,0.0009778537253639268,低均值状态,经济增长偏弱
segment_04,current_segment_refit,2021-09-30,-1.4821676631449492,0.9194103278623386,0.08058967213766143,0.9998877762973392,0.00011222370266077733,低均值状态,经济增长偏弱
segment_04,current_segment_refit,2021-10-31,-1.8837036320596425,0.9199323260842315,0.08006767391576854,0.9999848925706817,1.5107429318329472e-05,低均值状态,经济增长偏弱
segment_04,current_segment_refit,2021-11-30,-1.1209251152897224,0.9199908898131596,0.08000911018684043,0.9993282526499374,0.0006717473500626616,低均值状态,经济增长偏弱
segment_04,current_segment_refit,2021-12-31,-0.7750589917306883,0.9195949182524898,0.08040508174751027,0.9962352585730642,0.003764741426935888,低均值状态,经济增长偏弱
segment_04,current_segment_refit,2022-01-31,-0.8188036323459826,0.9177297595055562,0.08227024049444383,0.9968931909094282,0.0031068090905718372,低均值状态,经济增长偏弱
segment_04,current_segment_refit,2022-02-28,-0.905222762912679,0.9181265104276597,0.08187348957234042,0.9979875725378999,0.0020124274621000555,低均值状态,经济增长偏弱
segment_04,current_segment_refit,2022-03-31,-1.4281869438951418,0.918786452029905,0.08121354797009492,0.9998519579138765,0.00014804208612346183,低均值状态,经济增长偏弱
segment_04,current_segment_refit,2022-04-30,-3.4676892896357074,0.9199107266341335,0.08008927336586641,0.9999999943016848,5.6983152113559874e-09,低均值状态,经济增长偏弱
segment_04,current_segment_refit,2022-05-31,-1.194311887758225,0.9199999965637625,0.08000000343623755,0.9995337427435974,0.0004662572564027192,低均值状态,经济增长偏弱
segment_04,current_segment_refit,2022-06-30,-0.4687914605278536,0.919718834314426,0.0802811656855741,0.9829727842978845,0.017027215702115555,低均值状态,经济增长偏弱
segment_04,current_segment_refit,2022-07-31,-1.7444983167246804,0.9097321302552153,0.0902678697447848,0.9999655670205426,3.443297945746641e-05,低均值状态,经济增长偏弱
segment_04,current_segment_refit,2022-08-31,-1.3262983065815561,0.9199792359858372,0.08002076401416292,0.9997581343561737,0.0002418656438263518,低均值状态,经济增长偏弱
segment_04,current_segment_refit,2022-09-30,-0.5285502201777916,0.9198541485014349,0.08014585149856522,0.9873204738432775,0.01267952615672254,低均值状态,经济增长偏弱
segment_04,current_segment_refit,2022-10-31,-1.560240372459205,0.9123539041684517,0.08764609583154825,0.9999166026242567,8.339737574327608e-05,低均值状态,经济增长偏弱
segment_04,current_segment_refit,2022-11-30,-2.7052031845894504,0.9199497091358817,0.0800502908641183,0.9999997467609992,2.532390008714604e-07,低均值状态,经济增长偏弱
segment_04,current_segment_refit,2022-12-31,-3.3915342982375805,0.9199998472900609,0.08000015270993921,0.9999999916858104,8.31418952525332e-09,低均值状态,经济增长偏弱
segment_04,current_segment_refit,2023-01-31,-0.5604112640962668,0.9199999949863198,0.08000000501368021,0.9891807497174683,0.010819250282531816,低均值状态,经济增长偏弱
segment_04,current_segment_refit,2023-02-28,1.871559605917959,0.9134757006324024,0.08652429936759773,0.00046489023160747943,0.9995351097683925,高均值状态,经济增长偏强
segment_04,current_segment_refit,2023-03-31,1.6580660663693507,0.31725340349297787,0.6827465965070222,5.923151844204334e-05,0.9999407684815579,高均值状态,经济增长偏强
segment_04,current_segment_refit,2023-04-30,-1.3669994786876174,0.31700878036136965,0.6829912196386302,0.9951302344369723,0.004869765563027736,低均值状态,经济增长偏弱
segment_04,current_segment_refit,2023-05-31,-1.975740535151111,0.9170634001845297,0.0829365998154704,0.999990070837575,9.929162425047744e-06,低均值状态,经济增长偏弱
segment_04,current_segment_refit,2023-06-30,-1.4961522601325612,0.9199940124475876,0.08000598755241245,0.99989614442185,0.00010385557814998077,低均值状态,经济增长偏弱
segment_04,current_segment_refit,2023-07-31,-1.0655472630871259,0.9199373722887307,0.08006262771126933,0.9991146382151971,0.000885361784802842,低均值状态,经济增长偏弱
segment_04,current_segment_refit,2023-08-31,-0.6317712626532028,0.9194661029940299,0.08053389700597001,0.9923354701888842,0.007664529811115834,低均值状态,经济增长偏弱
segment_04,current_segment_refit,2023-09-30,-0.40765065663752864,0.915378082058021,0.08462191794197917,0.9757336177021904,0.024266382297809676,低均值状态,经济增长偏弱
segment_04,current_segment_refit,2023-10-31,-1.3426457877029776,0.9053667177905015,0.09463328220949854,0.9997320679759536,0.00026793202404642015,低均值状态,经济增长偏弱
segment_04,current_segment_refit,2023-11-30,-1.1945193673528536,0.9198384297719902,0.08016157022800989,0.9995332015401283,0.0004667984598718542,低均值状态,经济增长偏弱
segment_04,current_segment_refit,2023-12-31,-1.6183705275223303,0.9197185079541553,0.08028149204584484,0.9999432567121056,5.674328789445652e-05,低均值状态,经济增长偏弱
segment_04,current_segment_refit,2024-01-31,-1.6813749416039983,0.9199657822688582,0.08003421773114192,0.9999586677637199,4.1332236280075803e-05,低均值状态,经济增长偏弱
segment_04,current_segment_refit,2024-02-29,-1.7587247359469487,0.919975075548122,0.080024924451878,0.9999718772135219,2.8122786478108018e-05,低均值状态,经济增长偏弱
segment_04,current_segment_refit,2024-03-31,0.2718962627796344,0.9199830412021867,0.08001695879781338,0.5922185313767201,0.4077814686232799,低均值状态,经济增长偏弱
segment_04,current_segment_refit,2024-04-30,-0.12449460508805288,0.6740967896682788,0.3259032103317211,0.652610519356773,0.3473894806432271,低均值状态,经济增长偏弱
segment_04,current_segment_refit,2024-05-31,-1.1183863703855224,0.7105147852499494,0.2894852147500507,0.9968209345764145,0.0031790654235854827,低均值状态,经济增长偏弱
segment_04,current_segment_refit,2024-06-30,-1.0725020584489187,0.9180829379124228,0.08191706208757717,0.9991231738858808,0.0008768261141192574,低均值状态,经济增长偏弱
segment_04,current_segment_refit,2024-07-31,-1.1912347148778153,0.9194712502333848,0.0805287497666153,0.999523149183873,0.00047685081612698746,低均值状态,经济增长偏弱
segment_04,current_segment_refit,2024-08-31,-1.523908812811257,0.9197124461125444,0.08028755388745543,0.9999091966212121,9.080337878784689e-05,低均值状态,经济增长偏弱
segment_04,current_segment_refit,2024-09-30,-0.7446500388962036,0.9199452431165441,0.08005475688345591,0.9956434740658446,0.0043565259341554075,低均值状态,经济增长偏弱
segment_04,current_segment_refit,2024-10-31,-0.4304425011788169,0.9173728975063066,0.08262710249369346,0.978825569312826,0.021174430687173985,低均值状态,经济增长偏弱
segment_04,current_segment_refit,2024-11-30,-0.38532989736869894,0.907231247902212,0.09276875209778801,0.9701757890091717,0.029824210990828253,低均值状态,经济增长偏弱
segment_04,current_segment_refit,2024-12-31,-0.5988566396514301,0.9020151973727121,0.09798480262728783,0.9888417438632858,0.011158256136714097,低均值状态,经济增长偏弱
segment_04,current_segment_refit,2025-01-31,-1.4243079412525859,0.913271270970245,0.08672872902975504,0.9998378517331165,0.00016214826688352077,低均值状态,经济增长偏弱
segment_04,current_segment_refit,2025-02-28,-0.5552445834979807,0.9199022202271452,0.08009777977285476,0.9888874911085447,0.0111125088914554,低均值状态,经济增长偏弱
segment_04,current_segment_refit,2025-03-31,-0.2054625789041964,0.913298857791468,0.08670114220853209,0.9347048505253193,0.06529514947468075,低均值状态,经济增长偏弱
segment_04,current_segment_refit,2025-04-30,-1.537734940726864,0.88062526595649,0.11937473404351004,0.9998683787460921,0.00013162125390787897,低均值状态,经济增长偏弱
segment_04,current_segment_refit,2025-05-31,-1.1235482247904827,0.9199206288383014,0.08007937116169868,0.9993363267017248,0.0006636732982751946,低均值状态,经济增长偏弱
segment_04,current_segment_refit,2025-06-30,-0.9685105512332015,0.919599787123215,0.08040021287678491,0.9985592182245374,0.0014407817754626393,低均值状态,经济增长偏弱
segment_04,current_segment_refit,2025-07-31,-1.3425297225088286,0.9191311697778474,0.08086883022215262,0.9997743277643494,0.00022567223565065795,低均值状态,经济增长偏弱
segment_04,current_segment_refit,2025-08-31,-1.3133963021628503,0.9198639135627802,0.08013608643721984,0.9997416949379777,0.0002583050620222873,低均值状态,经济增长偏弱
segment_04,current_segment_refit,2025-09-30,-0.8192949132458835,0.9198442350894201,0.08015576491057978,0.9969870900413694,0.0030129099586305927,低均值状态,经济增长偏弱
segment_04,current_segment_refit,2025-10-31,-1.772688459986142,0.9181831341336599,0.08181686586634006,0.9999731253731117,2.6874626888251156e-05,低均值状态,经济增长偏弱
segment_04,current_segment_refit,2025-11-30,-1.6268259191626413,0.9199837938760419,0.08001620612395796,0.999945790220267,5.420977973302344e-05,低均值状态,经济增长偏弱
