segment_id,evaluation_type,date,model_value,prior_prob_low_state,prior_prob_high_state,prob_low_state,prob_high_state,state,inflation_regime
segment_01,current_segment_refit,1987-12-31,0.9476696593993958,1.0,7.096998202147483e-24,1.0,1.3391109738623618e-25,低通胀状态,通胀偏低
segment_01,current_segment_refit,1988-01-31,0.2350533604027678,0.92,0.07999999999999996,0.999092082279821,0.0009079177201789856,低通胀状态,通胀偏低
segment_01,current_segment_refit,1988-02-29,1.8970450290741443,0.9192572725283479,0.08074272747165212,0.9963718409776076,0.00362815902239233,低通胀状态,通胀偏低
segment_01,current_segment_refit,1988-03-31,3.81678983189198,0.9170319630099055,0.08296803699009436,0.9819087337641027,0.01809126623589734,低通胀状态,通胀偏低
segment_01,current_segment_refit,1988-04-30,4.3958416244370415,0.9052003324401191,0.09479966755988095,0.9666785376001753,0.03332146239982479,低通胀状态,通胀偏低
segment_01,current_segment_refit,1988-05-31,7.845641196051229,0.8927411802083837,0.10725881979161642,0.5914587876654864,0.4085412123345135,低通胀状态,通胀偏低
segment_01,current_segment_refit,1988-06-30,10.325196310881266,0.5857904400818382,0.4142095599181617,0.03052134853096456,0.9694786514690356,高通胀状态,通胀偏高
segment_01,current_segment_refit,1988-07-31,11.291530842794424,0.12691224367293286,0.8730877563270674,0.0014500911386279094,0.9985499088613721,高通胀状态,通胀偏高
segment_01,current_segment_refit,1988-08-31,14.386569060713514,0.1031303292759954,0.8968696707240046,8.82508941672864e-05,0.9999117491058327,高通胀状态,通胀偏高
segment_01,current_segment_refit,1988-09-30,16.638840833603965,0.10201626779324012,0.8979837322067599,1.3473618661589578e-05,0.9999865263813383,高通胀状态,通胀偏高
segment_01,current_segment_refit,1988-10-31,16.05687070850025,0.10195509579985461,0.8980449042001453,2.1814726305068542e-05,0.999978185273695,高通胀状态,通胀偏高
segment_01,current_segment_refit,1988-11-30,14.807127091014703,0.10196191929239488,0.8980380807076052,6.148652061310207e-05,0.9999385134793869,高通胀状态,通胀偏高
segment_01,current_segment_refit,1988-12-31,15.086850397516173,0.10199437303883843,0.8980056269611615,4.877698298874764e-05,0.9999512230170111,高通胀状态,通胀偏高
segment_01,current_segment_refit,1989-01-31,11.502312947130704,0.10198397592626335,0.8980160240737365,0.000951731767393604,0.9990482682326064,高通胀状态,通胀偏高
segment_01,current_segment_refit,1989-02-28,9.71352980780376,0.10272264343889329,0.8972773565611066,0.0042140650604545315,0.9957859349395454,高通胀状态,通胀偏高
segment_01,current_segment_refit,1989-03-31,4.38675098892417,0.10539141452308813,0.8946085854769117,0.2650480710496345,0.7349519289503655,高通胀状态,通胀偏高
segment_01,current_segment_refit,1989-04-30,-2.4692261679538348,0.31876821892234075,0.6812317810776592,0.997633226133856,0.002366773866143926,低通胀状态,通胀偏低
segment_01,current_segment_refit,1989-05-31,-5.786304088694624,0.9180638466124145,0.08193615338758548,0.999993668114817,6.331885183002772e-06,低通胀状态,通胀偏低
segment_01,current_segment_refit,1989-06-30,-4.245984209190208,0.919994820163801,0.08000517983619904,0.9999778739632633,2.2126036736771687e-05,低通胀状态,通胀偏低
segment_01,current_segment_refit,1989-07-31,-2.8833828483054376,0.9199818996645204,0.08001810033547965,0.9999315121997964,6.848780020368443e-05,低通胀状态,通胀偏低
segment_01,current_segment_refit,1989-08-31,-7.77550162094408,0.9199439731491591,0.08005602685084089,0.9999988134574572,1.186542542775175e-06,低通胀状态,通胀偏低
segment_01,current_segment_refit,1989-09-30,-9.628620722158907,0.9199990293418411,0.08000097065815898,0.9999997449196801,2.5508031981937285e-07,低通胀状态,通胀偏低
segment_01,current_segment_refit,1989-10-31,-14.69680074762269,0.9199997913300326,0.08000020866996728,0.9999999961832601,3.816739894133832e-09,低通胀状态,通胀偏低
segment_01,current_segment_refit,1989-11-30,-12.06900991096588,0.9199999968776933,0.08000000312230664,0.9999999662773511,3.37226489529584e-08,低通胀状态,通胀偏低
segment_01,current_segment_refit,1989-12-31,-12.218347947784858,0.9199999724129873,0.08000002758701279,0.999999970204731,2.979526902983646e-08,低通胀状态,通胀偏低
segment_01,current_segment_refit,1990-01-31,-10.77767175786278,0.9199999756258036,0.08000002437419637,0.999999901618283,9.838171707143098e-08,低通胀状态,通胀偏低
segment_01,current_segment_refit,1990-02-28,-8.038957244418645,0.9199999195182534,0.08000008048174666,0.9999990470134976,9.529865023789407e-07,低通胀状态,通胀偏低
segment_01,current_segment_refit,1990-03-31,-3.516268626539335,0.919999220403744,0.08000077959625598,0.999959483684256,4.051631574404151e-05,低通胀状态,通胀偏低
segment_01,current_segment_refit,1990-04-30,1.854931109444057,0.9199668553877909,0.08003314461220921,0.9965292633887567,0.0034707366112432954,低通胀状态,通胀偏低
segment_01,current_segment_refit,1990-05-31,5.110102966719702,0.91716074334629,0.08283925665370985,0.948993084054153,0.051006915945847,低通胀状态,通胀偏低
segment_01,current_segment_refit,1990-06-30,4.293552364875321,0.8782734901244527,0.12172650987554737,0.9597771577024051,0.04022284229759482,低通胀状态,通胀偏低
segment_01,current_segment_refit,1990-07-31,1.4628783259846316,0.8870954654828562,0.11290453451714379,0.9963321934456554,0.0036678065543446045,低通胀状态,通胀偏低
segment_01,current_segment_refit,1990-08-31,0.6064653689760426,0.9169995291114259,0.08300047088857401,0.9987146189836595,0.0012853810163404981,低通胀状态,通胀偏低
segment_01,current_segment_refit,1990-09-30,3.646775232304122,0.9189484864419344,0.0810515135580656,0.9846397260329726,0.015360273967027367,低通胀状态,通胀偏低
segment_01,current_segment_refit,1990-10-31,1.3843293183910625,0.9074344368505489,0.092565563149451,0.9972431565705856,0.0027568434294144703,低通胀状态,通胀偏低
segment_01,current_segment_refit,1990-11-30,2.777383594076402,0.9177447478944831,0.08225525210551698,0.9923492802748262,0.007650719725173968,低通胀状态,通胀偏低
segment_01,current_segment_refit,1990-12-31,2.1018464692278878,0.913741283387797,0.08625871661220302,0.9953834791091004,0.004616520890899596,低通胀状态,通胀偏低
segment_01,current_segment_refit,1991-01-31,0.6102724660936181,0.9162234277259715,0.08377657227402857,0.9986974181135064,0.0013025818864935753,低通胀状态,通胀偏低
segment_01,current_segment_refit,1991-02-28,2.1301055677859164,0.9189344151681669,0.08106558483183311,0.9955827730773769,0.0044172269226231764,低通胀状态,通胀偏低
segment_01,current_segment_refit,1991-03-31,1.5465705933956335,0.9163864613378105,0.08361353866218948,0.9971792227212928,0.0028207772787072387,低通胀状态,通胀偏低
segment_01,current_segment_refit,1991-04-30,-2.9493897975103067,0.9176924464301732,0.0823075535698268,0.9999331380041956,6.68619958044058e-05,低通胀状态,通胀偏低
segment_01,current_segment_refit,1991-05-31,-1.6913251662341637,0.919945303148083,0.08005469685191693,0.9998159134797778,0.0001840865202221249,低通胀状态,通胀偏低
segment_01,current_segment_refit,1991-06-30,-0.4726937120707291,0.9198494069311668,0.08015059306883318,0.9994938733088913,0.0005061266911087166,低通胀状态,通胀偏低
segment_01,current_segment_refit,1991-07-31,-0.47485231985174536,0.9195859600608427,0.08041403993915737,0.9994929729761428,0.0005070270238571757,低通胀状态,通胀偏低
segment_01,current_segment_refit,1991-08-31,-1.0059568085230053,0.9195852235383021,0.08041477646169796,0.9996735094233444,0.00032649057665553227,低通胀状态,通胀偏低
segment_01,current_segment_refit,1991-09-30,4.05258626879675,0.9197329124488618,0.0802670875511382,0.9788471388934616,0.021152861106538377,低通胀状态,通胀偏低
segment_01,current_segment_refit,1991-10-31,6.577384665773402,0.9026957766120357,0.0973042233879643,0.8220118650193059,0.17798813498069402,低通胀状态,通胀偏低
segment_01,current_segment_refit,1991-11-30,3.524968592796074,0.7743957513548339,0.2256042486451661,0.9554955167815489,0.0445044832184511,低通胀状态,通胀偏低
segment_01,current_segment_refit,1991-12-31,2.9086521829127165,0.8835928437529453,0.1164071562470546,0.987522191365433,0.012477808634567017,低通胀状态,通胀偏低
segment_01,current_segment_refit,1992-01-31,-1.8222210564832082,0.909792454698335,0.09020754530166494,0.9998118248912513,0.00018817510874869335,低通胀状态,通胀偏低
segment_01,current_segment_refit,1992-02-29,-2.4424881792281523,0.9198460622370922,0.08015393776290786,0.9999011081032921,9.889189670791312e-05,低通胀状态,通胀偏低
segment_01,current_segment_refit,1992-03-31,-1.7784392856072504,0.9199191008978278,0.08008089910217221,0.9998286778709804,0.0001713221290196487,低通胀状态,通胀偏低
segment_01,current_segment_refit,1992-04-30,1.3555706677838373,0.9198598489170365,0.08014015108296345,0.9976998843213968,0.0023001156786031317,低通胀状态,通胀偏低
segment_01,current_segment_refit,1992-05-31,0.5424825417282468,0.9181183767377735,0.08188162326222641,0.9987988271527046,0.00120117284729532,低通胀状态,通胀偏低
segment_01,current_segment_refit,1992-06-30,0.011768102201088482,0.9190173734336708,0.08098262656632912,0.9992353320838283,0.000764667916171759,低通胀状态,通胀偏低
segment_01,current_segment_refit,1992-07-31,1.3938691332042303,0.9193744588794679,0.08062554112053213,0.9976102464931492,0.0023897535068508604,低通胀状态,通胀偏低
segment_01,current_segment_refit,1992-08-31,1.4821266406764604,0.9180450479811484,0.08195495201885175,0.9973832300168448,0.0026167699831552323,低通胀状态,通胀偏低
segment_01,current_segment_refit,1992-09-30,0.9459698346767276,0.917859335807323,0.08214066419267702,0.9983166277010062,0.0016833722989938345,低通胀状态,通胀偏低
segment_01,current_segment_refit,1992-10-31,2.1521878025902987,0.9186229073145148,0.08137709268548526,0.9954827878382936,0.004517212161706383,低通胀状态,通胀偏低
segment_01,current_segment_refit,1992-11-30,2.8743362007797906,0.9163046678204285,0.0836953321795714,0.9915572023853261,0.008442797614673864,低通胀状态,通胀偏低
segment_02,current_segment_refit,1992-12-31,-0.14908348644124203,0.9999999991117884,8.882116197977871e-10,0.9999999999943834,5.616682822622459e-12,低通胀状态,通胀偏低
segment_02,current_segment_refit,1993-01-31,7.615974419989847,0.919999999995282,0.08000000000471798,1.4300487893136899e-05,0.9999856995121068,高通胀状态,通胀偏高
segment_02,current_segment_refit,1993-02-28,7.182613149738083,0.08001201240983019,0.9199879875901698,3.0642946783206296e-07,0.9999996935705322,高通胀状态,通胀偏高
segment_02,current_segment_refit,1993-03-31,7.875082150130167,0.08000025740075295,0.9199997425992471,5.801397113291561e-08,0.9999999419860289,高通胀状态,通胀偏高
segment_02,current_segment_refit,1993-04-30,5.868580581082327,0.08000004873173572,0.9199999512682644,7.206268329929064e-06,0.9999927937316702,高通胀状态,通胀偏高
segment_02,current_segment_refit,1993-05-31,3.9797414876267467,0.08000605326539711,0.9199939467346029,0.0006742704223434641,0.9993257295776565,高通胀状态,通胀偏高
segment_02,current_segment_refit,1993-06-30,5.566642466903442,0.08056638715476847,0.9194336128452315,1.5002733296419058e-05,0.9999849972667035,高通胀状态,通胀偏高
segment_02,current_segment_refit,1993-07-31,7.32719251753684,0.08001260229596895,0.9199873977040309,2.1648948811008381e-07,0.9999997835105119,高通胀状态,通胀偏高
segment_02,current_segment_refit,1993-08-31,7.04065160704117,0.08000018185116997,0.9199998181488299,4.309488061804109e-07,0.9999995690511939,高通胀状态,通胀偏高
segment_02,current_segment_refit,1993-09-30,4.020322992851744,0.08000036199699716,0.9199996380030029,0.0006116076564607698,0.9993883923435392,高通胀状态,通胀偏高
segment_02,current_segment_refit,1993-10-31,5.000563741193302,0.080513750431427,0.9194862495685728,5.843300301235448e-05,0.9999415669969877,高通胀状态,通胀偏高
segment_02,current_segment_refit,1993-11-30,3.0939411363005185,0.08004908372253035,0.9199509162774697,0.005641984963662747,0.9943580150363373,高通胀状态,通胀偏高
segment_02,current_segment_refit,1993-12-31,6.090275529464327,0.08473926736947668,0.9152607326305233,4.5036683486657e-06,0.9999954963316513,高通胀状态,通胀偏高
segment_02,current_segment_refit,1994-01-31,6.344176156790102,0.08000378308141284,0.9199962169185871,2.298033350559365e-06,0.9999977019666494,高通胀状态,通胀偏高
segment_02,current_segment_refit,1994-02-28,7.80269258087195,0.08000193034801442,0.9199980696519856,6.903913283304408e-08,0.9999999309608671,高通胀状态,通胀偏高
segment_02,current_segment_refit,1994-03-31,5.969286355067879,0.08000005799287153,0.9199999420071284,5.657241478266317e-06,0.9999943427585217,高通胀状态,通胀偏高
segment_02,current_segment_refit,1994-04-30,7.579744613601573,0.0800047520828417,0.9199952479171583,1.1797836110139342e-07,0.9999998820216388,高通胀状态,通胀偏高
segment_02,current_segment_refit,1994-05-31,8.872022866649694,0.08000009910182329,0.9199999008981766,5.284773820638354e-09,0.9999999947152262,高通胀状态,通胀偏高
segment_02,current_segment_refit,1994-06-30,10.066205894502254,0.08000000443920997,0.91999999556079,2.996809353895925e-10,0.999999999700319,高通胀状态,通胀偏高
segment_02,current_segment_refit,1994-07-31,9.51023388271543,0.08000000025173194,0.9199999997482681,1.1400557902999642e-09,0.9999999988599442,高通胀状态,通胀偏高
segment_02,current_segment_refit,1994-08-31,6.908969888107958,0.08000000095764682,0.9199999990423532,5.913716816552991e-07,0.9999994086283183,高通胀状态,通胀偏高
segment_02,current_segment_refit,1994-09-30,4.791950047845958,0.08000049675221255,0.9199995032477875,9.579701942480071e-05,0.9999042029805751,高通胀状态,通胀偏高
segment_02,current_segment_refit,1994-10-31,3.073031310365703,0.08008046949631678,0.9199195305036832,0.005933530537359484,0.9940664694626405,高通胀状态,通胀偏高
segment_02,current_segment_refit,1994-11-30,8.013067540639046,0.08498416565138192,0.9150158343486181,4.4475743518505086e-08,0.9999999555242565,高通胀状态,通胀偏高
segment_02,current_segment_refit,1994-12-31,9.421436780940098,0.0800000373596245,0.9199999626403755,1.411249181389867e-09,0.9999999985887508,高通胀状态,通胀偏高
segment_02,current_segment_refit,1995-01-31,9.32417855570624,0.08000000118544927,0.9199999988145506,1.7828373694113308e-09,0.9999999982171627,高通胀状态,通胀偏高
segment_02,current_segment_refit,1995-02-28,3.7069613409752193,0.08000000149758336,0.9199999985024168,0.0012978588807263263,0.9987021411192737,高通胀状态,通胀偏高
segment_02,current_segment_refit,1995-03-31,-0.4495080274571528,0.08109020145981007,0.91890979854019,0.9663601240164029,0.03363987598359705,低通胀状态,通胀偏低
segment_02,current_segment_refit,1995-04-30,-3.992126793319443,0.8917425041737785,0.10825749582622149,0.9999999251478355,7.485216438894793e-08,低通胀状态,通胀偏低
segment_02,current_segment_refit,1995-05-31,-5.474169165540847,0.9199999371241819,0.08000006287581804,0.999999998477759,1.522240910821883e-09,低通胀状态,通胀偏低
segment_02,current_segment_refit,1995-06-30,-6.080966168976747,0.9199999987213175,0.08000000127868231,0.9999999996458641,3.541359838383174e-10,低通胀状态,通胀偏低
segment_02,current_segment_refit,1995-07-31,-5.23069060274187,0.9199999997025259,0.08000000029747419,0.9999999972672421,2.7327579665215445e-09,低通胀状态,通胀偏低
segment_02,current_segment_refit,1995-08-31,-2.0048950761370534,0.9199999977044835,0.08000000229551665,0.9999936414870902,6.358512909716424e-06,低通胀状态,通胀偏低
segment_02,current_segment_refit,1995-09-30,-1.0619921927636895,0.9199946588491558,0.08000534115084412,0.9999386987565273,6.130124347274473e-05,低通胀状态,通胀偏低
segment_02,current_segment_refit,1995-10-31,-0.10286287355074286,0.919948506955483,0.08005149304451707,0.999385470451148,0.000614529548851963,低通胀状态,通胀偏低
segment_02,current_segment_refit,1995-11-30,-1.1543531313150943,0.9194837951789644,0.08051620482103561,0.9999505594803735,4.94405196264835e-05,低通胀状态,通胀偏低
segment_02,current_segment_refit,1995-12-31,-3.0381376420975474,0.9199584699635138,0.0800415300364862,0.9999994688592536,5.311407463923032e-07,低通胀状态,通胀偏低
segment_02,current_segment_refit,1996-01-31,-4.992141975668105,0.9199995538417731,0.08000044615822693,0.9999999951518441,4.84815596872235e-09,低通胀状态,通胀偏低
segment_02,current_segment_refit,1996-02-29,-1.0319532306896626,0.9199999959275491,0.08000000407245098,0.9999341148690379,6.588513096206122e-05,低通胀状态,通胀偏低
segment_02,current_segment_refit,1996-03-31,1.2462634930823135,0.9199446564899919,0.08005534351000809,0.9845071209090792,0.015492879090920798,低通胀状态,通胀偏低
segment_02,current_segment_refit,1996-04-30,4.128302264047036,0.9069859815636266,0.09301401843637343,0.05027879305212604,0.949721206947874,高通胀状态,通胀偏高
segment_02,current_segment_refit,1996-05-31,3.2656873499121932,0.12223418616378584,0.8777658138362142,0.005973901051123051,0.9940260989488768,高通胀状态,通胀偏高
segment_02,current_segment_refit,1996-06-30,2.9177940569805205,0.08501807688294331,0.9149819231170566,0.009167289224856665,0.9908327107751432,高通胀状态,通胀偏高
segment_02,current_segment_refit,1996-07-31,2.266617052441072,0.08770052294887955,0.9122994770511204,0.04377238126662776,0.9562276187333723,高通胀状态,通胀偏高
segment_02,current_segment_refit,1996-08-31,2.8569508744156824,0.11676880026396728,0.8832311997360328,0.015008206142563091,0.984991793857437,高通胀状态,通胀偏高
segment_02,current_segment_refit,1996-09-30,3.045798070845688,0.09260689315975297,0.907393106840247,0.007415824706559556,0.9925841752934405,高通胀状态,通胀偏高
segment_02,current_segment_refit,1996-10-31,0.3810886060329004,0.08622929275350999,0.91377070724649,0.8067122997645735,0.19328770023542655,低通胀状态,通胀偏低
segment_02,current_segment_refit,1996-11-30,-1.8113374132217697,0.7576383318022418,0.24236166819775828,0.9999627558765142,3.724412348580114e-05,低通胀状态,通胀偏低
segment_02,current_segment_refit,1996-12-31,-1.6797346193470553,0.9199687149362719,0.08003128506372803,0.999986103474107,1.3896525892924528e-05,低通胀状态,通胀偏低
segment_02,current_segment_refit,1997-01-31,-0.6224446419670553,0.9199883269182498,0.08001167308175001,0.999823716481652,0.00017628351834801705,低通胀状态,通胀偏低
segment_02,current_segment_refit,1997-02-28,-0.43807418247799745,0.9198519218445877,0.08014807815541229,0.9997249573187996,0.0002750426812003438,低通胀状态,通胀偏低
segment_02,current_segment_refit,1997-03-31,-1.9489019776507313,0.9197689641477916,0.08023103585220825,0.9999927027953944,7.297204605664657e-06,低通胀状态,通胀偏低
segment_02,current_segment_refit,1997-04-30,-3.0305642588357413,0.9199938703481314,0.08000612965186873,0.9999994593638141,5.406361859062479e-07,低通胀状态,通胀偏低
segment_02,current_segment_refit,1997-05-31,-2.2564218594007057,0.9199995458656038,0.08000045413439612,0.9999965259072137,3.4740927863432802e-06,低通胀状态,通胀偏低
segment_02,current_segment_refit,1997-06-30,-1.975866581003907,0.9199970817620594,0.08000291823794049,0.9999931818028761,6.818197123934551e-06,低通胀状态,通胀偏低
segment_02,current_segment_refit,1997-07-31,-2.498798302369017,0.9199942727144159,0.08000572728558407,0.9999980595371832,1.9404628168415837e-06,低通胀状态,通胀偏低
segment_02,current_segment_refit,1997-08-31,-4.147330793482833,0.919998370011234,0.08000162998876612,0.9999999630757651,3.6924234841230966e-08,低通胀状态,通胀偏低
segment_02,current_segment_refit,1997-09-30,-1.9707720079056823,0.9199999689836427,0.08000003101635722,0.9999930980838735,6.901916126493075e-06,低通胀状态,通胀偏低
segment_02,current_segment_refit,1997-10-31,-2.1755301216057044,0.9199942023904537,0.08000579760954622,0.9999957801289135,4.219871086453504e-06,低通胀状态,通胀偏低
segment_02,current_segment_refit,1997-11-30,0.42226776698473634,0.9199964553082873,0.08000354469171259,0.9978339767503142,0.0021660232496857825,低通胀状态,通胀偏低
segment_03,current_segment_refit,1997-12-31,-0.046197236494798566,7.691399632721215e-42,1.0,1.167648709012545e-43,1.0,高通胀状态,通胀偏高
segment_03,current_segment_refit,1998-01-31,-0.5796148843282463,0.36284438697537824,0.6371556130246218,0.06693802467461618,0.9330619753253838,高通胀状态,通胀偏高
segment_03,current_segment_refit,1998-02-28,-2.4377449475628556,0.3888490382438073,0.6111509617561928,0.9922112611037264,0.007788738896273643,低通胀状态,通胀偏低
segment_03,current_segment_refit,1998-03-31,-2.03572822840221,0.7483070288001692,0.25169297119983086,0.99179066825741,0.008209331742589936,低通胀状态,通胀偏低
segment_03,current_segment_refit,1998-04-30,-1.4955471226536876,0.7481436333258088,0.25185636667419115,0.9340425281595257,0.06595747184047435,低通胀状态,通胀偏低
segment_03,current_segment_refit,1998-05-31,-2.435751826800182,0.7257091463216631,0.27429085367833694,0.9981008797176829,0.0018991202823170855,低通胀状态,通胀偏低
segment_03,current_segment_refit,1998-06-30,-2.5417733278331704,0.7505950777664253,0.2494049222335746,0.9989027735978947,0.001097226402105357,低通胀状态,通胀偏低
segment_03,current_segment_refit,1998-07-31,-2.376374727290278,0.7509066042987748,0.24909339570122535,0.997890961422127,0.002109038577873093,低通胀状态,通胀偏低
segment_03,current_segment_refit,1998-08-31,-1.1982289218513285,0.7505135269274616,0.2494864730725385,0.8151289616808923,0.1848710383191076,低通胀状态,通胀偏低
segment_03,current_segment_refit,1998-09-30,-1.7910099818206495,0.6795125959693988,0.32048740403060116,0.9702691839890554,0.02973081601094475,低通胀状态,通胀偏低
segment_03,current_segment_refit,1998-10-31,-1.086715592205162,0.7397827846766587,0.2602172153233414,0.7280613885530427,0.2719386114469573,低通胀状态,通胀偏低
segment_03,current_segment_refit,1998-11-30,-3.6346207683188503,0.6456878470769091,0.35431215292309093,0.9999762397321945,2.376026780551097e-05,低通胀状态,通胀偏低
segment_03,current_segment_refit,1998-12-31,-0.9960658123525616,0.7513236335225474,0.2486763664774526,0.6650880684170376,0.33491193158296234,低通胀状态,通胀偏低
segment_03,current_segment_refit,1999-01-31,0.024251386934841745,0.6212234378369849,0.37877656216301503,0.018479945820373888,0.9815200541796261,高通胀状态,通胀偏高
segment_03,current_segment_refit,1999-02-28,0.19894468567757073,0.3700236329847174,0.6299763670152826,0.0033605902317223875,0.9966394097682776,高通胀状态,通胀偏高
segment_03,current_segment_refit,1999-03-31,-1.1068226891922663,0.364149937556783,0.635850062443217,0.36873105257205285,0.6312689474279471,高通胀状态,通胀偏高
segment_03,current_segment_refit,1999-04-30,-2.0818247394421343,0.5060921520623749,0.49390784793762504,0.9803891897535162,0.019610810246483864,低通胀状态,通胀偏低
segment_03,current_segment_refit,1999-05-31,-2.0660188172451384,0.743714290304716,0.256285709695284,0.9925359265929089,0.007464073407091009,低通胀状态,通胀偏低
segment_03,current_segment_refit,1999-06-30,-2.9779286409396786,0.7484331576016408,0.2515668423983592,0.9998030876105414,0.00019691238945857207,低通胀状态,通胀偏低
segment_03,current_segment_refit,1999-07-31,-1.8892955802477267,0.7512563659184933,0.2487436340815067,0.9856432330866305,0.014356766913369463,低通胀状态,通胀偏低
segment_03,current_segment_refit,1999-08-31,-2.1596345537628805,0.7457554255980117,0.25424457440198833,0.9948942345465275,0.0051057654534724705,低通胀状态,通胀偏低
segment_03,current_segment_refit,1999-09-30,-0.9319129302851584,0.7493493330671631,0.25065066693283683,0.6037279397195907,0.39627206028040923,低通胀状态,通胀偏低
segment_03,current_segment_refit,1999-10-31,-0.5703386494070307,0.5973857348823572,0.40261426511764264,0.15266130915111922,0.8473386908488807,高通胀状态,通胀偏高
segment_03,current_segment_refit,1999-11-30,0.2229352184063228,0.42215154648530223,0.5778484535146977,0.003798765807241068,0.996201234192759,高通胀状态,通胀偏高
segment_03,current_segment_refit,1999-12-31,0.6099566252404254,0.3643201637188351,0.635679836281165,0.0006439308176208674,0.9993560691823792,高通胀状态,通胀偏高
segment_03,current_segment_refit,2000-01-31,0.9096642657604133,0.36309454667809765,0.6369054533219024,0.00019516095484980144,0.9998048390451503,高通胀状态,通胀偏高
segment_03,current_segment_refit,2000-02-29,1.122344621860113,0.3629202047575245,0.6370797952424755,8.388892208892833e-05,0.9999161110779111,高通胀状态,通胀偏高
segment_03,current_segment_refit,2000-03-31,-1.526799827824796,0.3628769768549693,0.6371230231450308,0.7545177596792156,0.2454822403207844,低通胀状态,通胀偏低
segment_03,current_segment_refit,2000-04-30,-1.4389982707481723,0.6559658424062986,0.3440341575937015,0.8789812554718528,0.1210187445281472,低通胀状态,通胀偏低
segment_03,current_segment_refit,2000-05-31,-1.7327826672173456,0.7043184763459805,0.2956815236540195,0.966780055755373,0.033219944244627174,低通胀状态,通胀偏低
segment_03,current_segment_refit,2000-06-30,-1.095228910415901,0.7384272985626182,0.26157270143738187,0.7333236272103668,0.26667637278963324,低通胀状态,通胀偏低
segment_03,current_segment_refit,2000-07-31,-0.020916475160995818,0.6477321661592266,0.3522678338407734,0.02462890328661435,0.9753710967133857,高通胀状态,通胀偏高
segment_03,current_segment_refit,2000-08-31,0.21468375907821063,0.37241243210676,0.62758756789324,0.0031902072637276947,0.9968097927362723,高通胀状态,通胀偏高
segment_03,current_segment_refit,2000-09-30,-1.9808782936309237,0.3640837457370166,0.6359162542629835,0.9492792666751597,0.05072073332484031,低通胀状态,通胀偏低
segment_03,current_segment_refit,2000-10-31,-3.8086017612570777,0.7316284436641428,0.26837155633585713,0.9999920346778031,7.965322196879575e-06,低通胀状态,通胀偏低
segment_03,current_segment_refit,2000-11-30,0.32314069584976257,0.7513297696769133,0.24867023032308663,0.01048657973674089,0.9895134202632591,高通胀状态,通胀偏高
segment_03,current_segment_refit,2000-12-31,1.138321487465408,0.36691830236768486,0.633081697632315,8.010753199579254e-05,0.9999198924680042,高通胀状态,通胀偏高
segment_03,current_segment_refit,2001-01-31,-0.054834693542553437,0.36287550782849054,0.6371244921715095,0.008868541368267683,0.9911314586317324,高通胀状态,通胀偏高
segment_03,current_segment_refit,2001-02-28,-2.4872225666880814,0.3662897131059668,0.6337102868940333,0.9929490494652233,0.007050950534776623,低通胀状态,通胀偏低
segment_03,current_segment_refit,2001-03-31,-1.34299489157746,0.7485936510771768,0.25140634892282315,0.8857187858331311,0.11428121416686886,低通胀状态,通胀偏低
segment_03,current_segment_refit,2001-04-30,0.31619535888922634,0.7069359292557007,0.2930640707442993,0.008622386761250824,0.9913776132387493,高通胀状态,通胀偏高
segment_03,current_segment_refit,2001-05-31,1.2078348349514187,0.3661940848775465,0.6338059151224535,6.06133799981736e-05,0.9999393866200018,高通胀状态,通胀偏高
segment_03,current_segment_refit,2001-06-30,0.6561154252903247,0.36286793457506783,0.6371320654249322,0.0005328913633675864,0.9994671086366324,高通胀状态,通胀偏高
segment_03,current_segment_refit,2001-07-31,-2.4360401638272955,0.3630514091296126,0.6369485908703874,0.9912551120962297,0.008744887903770268,低通胀状态,通胀偏低
segment_03,current_segment_refit,2001-08-31,-2.8705647154108753,0.7479355759283304,0.2520644240716697,0.999697766494873,0.00030223350512718124,低通胀状态,通胀偏低
segment_03,current_segment_refit,2001-09-30,-2.572617256421867,0.7512154498786568,0.2487845501213433,0.9990322265830445,0.0009677734169556183,低通胀状态,通胀偏低
segment_03,current_segment_refit,2001-10-31,1.0872518014122627,0.7509568952918364,0.24904310470816365,0.000510153762145583,0.9994898462378544,高通胀状态,通胀偏高
segment_03,current_segment_refit,2001-11-30,-1.8847448690654474,0.3630425758335401,0.6369574241664598,0.9271365576763644,0.07286344232363558,低通胀状态,通胀偏低
segment_03,current_segment_refit,2001-12-31,-4.005997706536542,0.7230262563655037,0.2769737436344963,0.9999961983965746,3.801603425360701e-06,低通胀状态,通胀偏低
segment_03,current_segment_refit,2002-01-31,-4.78786631367176,0.7513313872336781,0.24866861276632185,0.9999998522738993,1.477261007275219e-07,低通胀状态,通胀偏低
segment_03,current_segment_refit,2002-02-28,-2.2433581223067263,0.7513328067229157,0.2486671932770844,0.996438565153554,0.0035614348464460504,低通胀状态,通胀偏低
segment_03,current_segment_refit,2002-03-31,-2.944349235354209,0.7499492877128836,0.25005071228711645,0.9997768439767301,0.00022315602326987283,低通胀状态,通胀偏低
segment_03,current_segment_refit,2002-04-30,-2.3479289076986802,0.7512461705691593,0.2487538294308406,0.9976438923859154,0.0023561076140845728,低通胀状态,通胀偏低
segment_03,current_segment_refit,2002-05-31,-0.03687418601744197,0.7504175434538359,0.24958245654616407,0.0421345494525879,0.9578654505474121,高通胀状态,通胀偏高
segment_03,current_segment_refit,2002-06-30,-1.174005244757532,0.3792131739270857,0.6207868260729144,0.4485210549149991,0.551478945085001,高通胀状态,通胀偏高
segment_03,current_segment_refit,2002-07-31,-0.7772475971991398,0.5370896485633777,0.4629103514366223,0.24249711153489226,0.7575028884651078,高通胀状态,通胀偏高
segment_03,current_segment_refit,2002-08-31,-1.2959517306613428,0.45705172054579296,0.5429482794542071,0.6451475629538346,0.35485243704616537,低通胀状态,通胀偏低
segment_03,current_segment_refit,2002-09-30,0.21491609489290586,0.6134767812362346,0.38652321876376533,0.008479703066382922,0.9915202969336171,高通胀状态,通胀偏高
segment_03,current_segment_refit,2002-10-31,-2.7866847513374253,0.36613865390621486,0.6338613460937851,0.997838549630926,0.0021614503690741025,低通胀状态,通胀偏低
segment_03,current_segment_refit,2002-11-30,-0.683234517113217,0.7504931655505139,0.2495068344494862,0.36369362001246097,0.6363063799875389,高通胀状态,通胀偏高
segment_04,current_segment_refit,2002-12-31,0.42063348127351174,3.676342757592198e-47,1.0,8.484622544279469e-50,1.0,高通胀状态,通胀偏高
segment_04,current_segment_refit,2003-01-31,0.6720754595600571,0.07999999999999996,0.92,8.473981817306327e-05,0.999915260181827,高通胀状态,通胀偏高
segment_04,current_segment_refit,2003-02-28,-0.7734583379181406,0.0800537226465604,0.9199462773534397,0.011902144848309239,0.9880978551516907,高通胀状态,通胀偏高
segment_04,current_segment_refit,2003-03-31,0.1325122780220399,0.0875456229996967,0.9124543770003032,0.0005942797963937238,0.9994057202036063,高通胀状态,通胀偏高
segment_04,current_segment_refit,2003-04-30,-0.021867129503380323,0.08037675657262398,0.9196232434273761,0.0009187903743240334,0.999081209625676,高通胀状态,通胀偏高
segment_04,current_segment_refit,2003-05-31,-0.10110126937390573,0.08058248709528887,0.9194175129047112,0.0012085832580480192,0.9987914167419519,高通胀状态,通胀偏高
segment_04,current_segment_refit,2003-06-30,-0.23472069435603676,0.08076620758234769,0.9192337924176524,0.0019142704577904627,0.9980857295422095,高通胀状态,通胀偏高
segment_04,current_segment_refit,2003-07-31,-0.20458959792046927,0.08121359329583316,0.9187864067041669,0.0017371045664214292,0.9982628954335786,高通胀状态,通胀偏高
segment_04,current_segment_refit,2003-08-31,-0.4782678049909733,0.08110127513455101,0.918898724865449,0.004420857866398427,0.9955791421336015,高通胀状态,通胀偏高
segment_04,current_segment_refit,2003-09-30,-1.9384118827331367,0.08280269877574414,0.9171973012242558,0.40414190350993073,0.5958580964900692,高通胀状态,通胀偏高
segment_04,current_segment_refit,2003-10-31,-0.17046599014870178,0.33621452949288844,0.6637854705071113,0.008792462405780035,0.99120753759422,高通胀状态,通胀偏高
segment_04,current_segment_refit,2003-11-30,-0.11794605673451874,0.08557417233604303,0.914425827663957,0.0013669597764662995,0.9986330402235337,高通胀状态,通胀偏高
segment_04,current_segment_refit,2003-12-31,0.5633293482394803,0.08086661381292375,0.9191333861870763,0.00012447455957756504,0.9998755254404225,高通胀状态,通胀偏高
segment_04,current_segment_refit,2004-01-31,1.5165340546605228,0.08007891334810621,0.9199210866518939,4.690272836565556e-06,0.9999953097271634,高通胀状态,通胀偏高
segment_04,current_segment_refit,2004-02-29,1.5925153747322718,0.08000297350024227,0.9199970264997578,3.6108988887587524e-06,0.9999963891011113,高通胀状态,通胀偏高
segment_04,current_segment_refit,2004-03-31,1.7429917705709688,0.08000228920770595,0.9199977107922941,2.1555306967592883e-06,0.9999978444693033,高通胀状态,通胀偏高
segment_04,current_segment_refit,2004-04-30,1.390461751039425,0.08000136654545957,0.9199986334545405,7.218715362817639e-06,0.9999927812846372,高通胀状态,通胀偏高
segment_04,current_segment_refit,2004-05-31,1.6244139942066673,0.08000457646124826,0.9199954235387517,3.2368923206443193e-06,0.9999967631076794,高通胀状态,通胀偏高
segment_04,current_segment_refit,2004-06-30,1.0431217289255432,0.08000205209812626,0.9199979479018737,2.3748833533082116e-05,0.9999762511664668,高通胀状态,通胀偏高
segment_04,current_segment_refit,2004-07-31,-0.6932323525051176,0.08001505608836108,0.9199849439116388,0.009061255904715277,0.9909387440952847,高通胀状态,通胀偏高
segment_04,current_segment_refit,2004-08-31,-0.0773509112192583,0.08574457980743444,0.9142554201925656,0.001192150080950278,0.9988078499190497,高通胀状态,通胀偏高
segment_04,current_segment_refit,2004-09-30,0.8753491441321497,0.08075578941313137,0.9192442105868686,4.264558907611491e-05,0.9999573544109239,高通胀状态,通胀偏高
segment_04,current_segment_refit,2004-10-31,3.211747336465855,0.08002703609659176,0.9199729639034083,1.4019746015334738e-08,0.999999985980254,高通胀状态,通胀偏高
segment_04,current_segment_refit,2004-11-30,-0.792356690902972,0.08000000888812217,0.9199999911118778,0.012679612090106592,0.9873203879098935,高通胀状态,通胀偏高
segment_04,current_segment_refit,2004-12-31,-3.050736846862979,0.0880385152284491,0.911961484771551,0.9704717540466385,0.029528245953361548,低通胀状态,通胀偏低
segment_04,current_segment_refit,2005-01-31,-4.662322902891688,0.6952516274350844,0.30474837256491566,0.9999948700388155,5.129961184606058e-06,低通胀状态,通胀偏低
segment_04,current_segment_refit,2005-02-28,-2.8378732358493814,0.7139684474614287,0.2860315525385714,0.9975645540938711,0.0024354459061289436,低通胀状态,通胀偏低
segment_04,current_segment_refit,2005-03-31,-3.6835120174157447,0.7124276959309761,0.287572304069024,0.9998645736766302,0.00013542632336983583,低通胀状态,通胀偏低
segment_04,current_segment_refit,2005-04-30,-3.816343570420739,0.7138858432552279,0.2861141567447722,0.9999147205379751,8.527946202487117e-05,低通胀状态,通胀偏低
segment_04,current_segment_refit,2005-05-31,-3.1218740606743554,0.71391763494615,0.2860823650538501,0.9990785515554377,0.0009214484445624052,低通胀状态,通胀偏低
segment_04,current_segment_refit,2005-06-30,-1.1745835477848474,0.7133875274750445,0.2866124725249556,0.5768157934705509,0.42318420652944916,低通胀状态,通胀偏低
segment_04,current_segment_refit,2005-07-31,1.900664993933747,0.4456848890070436,0.5543151109929564,1.1607319093749397e-05,0.9999883926809063,高通胀状态,通胀偏高
segment_04,current_segment_refit,2005-08-31,1.0400199063350393,0.08000735871181493,0.9199926412881851,2.4004466794424284e-05,0.9999759955332055,高通胀状态,通胀偏高
segment_04,current_segment_refit,2005-09-30,0.3633161872140739,0.08001521815261428,0.9199847818473856,0.0002442571097711932,0.9997557428902288,高通胀状态,通胀偏高
segment_04,current_segment_refit,2005-10-31,-5.129301368879845,0.08015485209504826,0.9198451479049518,0.9999729127927222,2.7087207277867288e-05,低通胀状态,通胀偏低
segment_04,current_segment_refit,2005-11-30,-1.7198272692399026,0.7139545271888019,0.2860454728111981,0.8986096980672104,0.10139030193278963,低通胀状态,通胀偏低
segment_04,current_segment_refit,2005-12-31,0.6608895098212515,0.6496931176610332,0.35030688233896673,0.001874660403730418,0.9981253395962696,高通胀状态,通胀偏高
segment_04,current_segment_refit,2006-01-31,1.0102983769200216,0.08118848164253505,0.918811518357465,2.7006493615837575e-05,0.9999729935063841,高通胀状态,通胀偏高
segment_04,current_segment_refit,2006-02-28,-0.615303768697124,0.08001712135266084,0.9199828786473392,0.006951673157781647,0.9930483268422183,高通胀状态,通胀偏高
segment_04,current_segment_refit,2006-03-31,-1.7623046267597113,0.08440716404767858,0.9155928359523214,0.27466489393526083,0.7253351060647392,高通胀状态,通胀偏高
segment_04,current_segment_refit,2006-04-30,-0.22063101788039607,0.2541297696592547,0.7458702303407454,0.007036841540887306,0.9929631584591128,高通胀状态,通胀偏高
segment_04,current_segment_refit,2006-05-31,0.6081553416309293,0.08446115839227777,0.9155388416077224,0.0001119257923055976,0.9998880742076944,高通胀状态,通胀偏高
segment_04,current_segment_refit,2006-06-30,-0.307748837548242,0.08007095778478952,0.9199290422152104,0.0024346240604546905,0.9975653759395453,高通胀状态,通胀偏高
segment_04,current_segment_refit,2006-07-31,-1.3378590402389308,0.08154348275376527,0.9184565172462347,0.07842491749836245,0.9215750825016376,高通胀状态,通胀偏高
segment_04,current_segment_refit,2006-08-31,-1.7401367106937717,0.12971917824618195,0.870280821753818,0.36201948107228626,0.6379805189277137,高通胀状态,通胀偏高
segment_04,current_segment_refit,2006-09-30,-1.8512841049575774,0.3095101057441233,0.6904898942558766,0.7141233321233996,0.28587666787660043,低通胀状态,通胀偏低
segment_04,current_segment_refit,2006-10-31,0.6648497053831954,0.5327339826700118,0.4672660173299882,0.0011377138897692247,0.9988622861102309,高通胀状态,通胀偏高
segment_04,current_segment_refit,2006-11-30,1.1720731942153992,0.0807212784084825,0.9192787215915176,1.5412217730575395e-05,0.9999845877822694,高通胀状态,通胀偏高
segment_04,current_segment_refit,2006-12-31,0.805232928550748,0.08000977090987094,0.9199902290901291,5.3689412177704904e-05,0.9999463105878222,高通胀状态,通胀偏高
segment_04,current_segment_refit,2007-01-31,-0.629008881390182,0.08003403756789478,0.9199659624321052,0.007285342062680964,0.9927146579373191,高通胀状态,通胀偏高
segment_04,current_segment_refit,2007-02-28,-0.11586295705751315,0.08461870069045853,0.9153812993095415,0.0013407121057695667,0.9986592878942304,高通胀状态,通胀偏高
segment_04,current_segment_refit,2007-03-31,1.9800468419421948,0.08084997353251867,0.9191500264674813,9.67297635778582e-07,0.9999990327023641,高通胀状态,通胀偏高
segment_04,current_segment_refit,2007-04-30,0.8952694210475993,0.08000061323932624,0.9199993867606737,3.942552237292883e-05,0.9999605744776271,高通胀状态,通胀偏高
segment_04,current_segment_refit,2007-05-31,0.8180578779239083,0.08002499466543075,0.9199750053345693,5.1390548331266434e-05,0.9999486094516686,高通胀状态,通胀偏高
segment_04,current_segment_refit,2007-06-30,2.0188803310199597,0.08003258015327464,0.9199674198467253,8.374105625389998e-07,0.9999991625894376,高通胀状态,通胀偏高
segment_04,current_segment_refit,2007-07-31,2.292824419425988,0.08000053089459766,0.9199994691054025,3.2722752056507373e-07,0.9999996727724795,高通胀状态,通胀偏高
segment_04,current_segment_refit,2007-08-31,1.4799157609493498,0.08000020745298736,0.9199997925470126,5.311997507486684e-06,0.9999946880024925,高通胀状态,通胀偏高
segment_04,current_segment_refit,2007-09-30,3.19106689546433,0.08000336765608865,0.9199966323439113,1.504504389568187e-08,0.9999999849549561,高通胀状态,通胀偏高
segment_04,current_segment_refit,2007-10-31,2.7425898382448444,0.08000000953813201,0.9199999904618681,7.00085464112455e-08,0.9999999299914535,高通胀状态,通胀偏高
segment_04,current_segment_refit,2007-11-30,2.2530665790569087,0.08000004438343711,0.9199999556165628,3.7501265221537454e-07,0.9999996249873477,高通胀状态,通胀偏高
segment_05,current_segment_refit,2007-12-31,2.756157652088521,2.947794680805285e-76,1.0,8.511043702248074e-81,1.0,高通胀状态,通胀偏高
segment_05,current_segment_refit,2008-01-31,2.8494005400396336,0.07999999999999996,0.92,2.0083569943737196e-06,0.9999979916430055,高通胀状态,通胀偏高
segment_05,current_segment_refit,2008-02-29,2.580922709690727,0.08000157445622814,0.9199984255437718,3.81935174236225e-06,0.9999961806482577,高通胀状态,通胀偏高
segment_05,current_segment_refit,2008-03-31,0.015454087418389051,0.08000299418985526,0.9199970058101448,0.0017724893741933258,0.9982275106258067,高通胀状态,通胀偏高
segment_05,current_segment_refit,2008-04-30,-0.5020180149423581,0.08138954724802663,0.9186104527519735,0.006205705645891205,0.9937942943541088,高通胀状态,通胀偏高
segment_05,current_segment_refit,2008-05-31,0.9595449900282516,0.08486497765676934,0.9151350223432306,0.00019751814663143317,0.9998024818533686,高通胀状态,通胀偏高
segment_05,current_segment_refit,2008-06-30,0.6016622377975747,0.08015484481942911,0.919845155180571,0.00043708959372478097,0.9995629104062753,高通胀状态,通胀偏高
segment_05,current_segment_refit,2008-07-31,-0.5983514495764597,0.08034265742347693,0.9196573425765232,0.007694531946061892,0.9923054680539382,高通胀状态,通胀偏高
segment_05,current_segment_refit,2008-08-31,-0.9050866322823818,0.08603214656526192,0.9139678534347382,0.01711458441083871,0.9828854155891612,高通胀状态,通胀偏高
segment_05,current_segment_refit,2008-09-30,-2.4201174732726916,0.09341701903292035,0.9065829809670796,0.4174948212938514,0.5825051787061485,高通胀状态,通胀偏高
segment_05,current_segment_refit,2008-10-31,-6.2975064336805175,0.4072960551643799,0.59270394483562,0.9999805370103133,1.9462989686704162e-05,低通胀状态,通胀偏低
segment_05,current_segment_refit,2008-11-30,-6.088043748942598,0.8639371132564846,0.13606288674351544,0.9999965220144015,3.4779855984463746e-06,低通胀状态,通胀偏低
segment_05,current_segment_refit,2008-12-31,-6.867698402455695,0.8639496447383449,0.136050355261655,0.9999994621456769,5.378543230980475e-07,低通胀状态,通胀偏低
segment_05,current_segment_refit,2009-01-31,-4.471230790964027,0.8639519496612303,0.1360480503387697,0.9998331886584165,0.00016681134158353113,低通胀状态,通胀偏低
segment_05,current_segment_refit,2009-02-28,-6.255912659529541,0.863821599166606,0.13617840083339408,0.9999976707334373,2.3292665627726142e-06,低通胀状态,通胀偏低
segment_05,current_segment_refit,2009-03-31,-4.6293580625053545,0.863950545279357,0.136049454720643,0.9998857525776822,0.0001142474223177834,低通胀状态,通胀偏低
segment_05,current_segment_refit,2009-04-30,-2.899495552058405,0.8638628067757599,0.13613719322424017,0.9928604453449347,0.007139554655065318,低通胀状态,通胀偏低
segment_05,current_segment_refit,2009-05-31,-3.558782215358835,0.8583553005114422,0.1416446994885578,0.9984488985580875,0.0015511014419124873,低通胀状态,通胀偏低
segment_05,current_segment_refit,2009-06-30,-3.7551474964741525,0.8627363816598674,0.13726361834013262,0.999064834798981,0.0009351652010190122,低通胀状态,通胀偏低
segment_05,current_segment_refit,2009-07-31,-1.4525919263647664,0.8632192463364936,0.13678075366350634,0.8123795589859895,0.1876204410140106,低通胀状态,通胀偏低
segment_05,current_segment_refit,2009-08-31,0.5775187446059207,0.7168668816736025,0.28313311832639765,0.01328275554058651,0.9867172444594134,高通胀状态,通胀偏高
segment_05,current_segment_refit,2009-09-30,-0.2812769549989087,0.09041304770361898,0.909586952296381,0.004112887080522661,0.9958871129194774,高通胀状态,通胀偏高
segment_05,current_segment_refit,2009-10-31,4.3595412115967545,0.08322430757971996,0.91677569242028,5.641724185600308e-08,0.9999999435827582,高通胀状态,通胀偏高
segment_05,current_segment_refit,2009-11-30,2.4445893919138943,0.0800000442284305,0.9199999557715696,5.293314364065603e-06,0.999994706685636,高通胀状态,通胀偏高
segment_05,current_segment_refit,2009-12-31,3.295589060095093,0.08000414970634777,0.9199958502936523,6.901720799476018e-07,0.9999993098279201,高通胀状态,通胀偏高
segment_05,current_segment_refit,2010-01-31,1.286597997282787,0.08000054106203865,0.9199994589379614,8.465962906501457e-05,0.999915340370935,高通胀状态,通胀偏高
segment_05,current_segment_refit,2010-02-28,3.2936819618773687,0.08006636911696,0.91993363088304,6.939165011969922e-07,0.9999993060834989,高通胀状态,通胀偏高
segment_05,current_segment_refit,2010-03-31,2.946788411316234,0.08000054399748657,0.9199994560025134,1.590701688394113e-06,0.9999984092983115,高通胀状态,通胀偏高
segment_05,current_segment_refit,2010-04-30,1.8493724218116974,0.08000124703436062,0.9199987529656393,2.200812888351393e-05,0.9999779918711165,高通胀状态,通胀偏高
segment_05,current_segment_refit,2010-05-31,1.34821994323686,0.08001725332482636,0.9199827466751735,7.306523464812572e-05,0.9999269347653519,高通胀状态,通胀偏高
segment_05,current_segment_refit,2010-06-30,0.9081312168843292,0.08005727966396292,0.9199427203360371,0.00020963031758524254,0.9997903696824147,高通胀状态,通胀偏高
segment_05,current_segment_refit,2010-07-31,-0.5082403275924707,0.0801643401845701,0.9198356598154299,0.0061958179828800405,0.99380418201712,高通胀状态,通胀偏高
segment_05,current_segment_refit,2010-08-31,-2.3140022931561193,0.08485722619990499,0.915142773800095,0.3334527516782906,0.6665472483217094,高通胀状态,通胀偏高
segment_05,current_segment_refit,2010-09-30,0.05535982200366929,0.341411075399175,0.658588924600825,0.009529029023684512,0.9904709709763155,高通胀状态,通胀偏高
segment_05,current_segment_refit,2010-10-31,-0.8567901002096425,0.08747030489943167,0.9125296951005684,0.015549856818653571,0.9844501431813464,高通胀状态,通胀偏高
segment_05,current_segment_refit,2010-11-30,1.6691171485741974,0.0921903471265673,0.9078096528734326,3.957041585498411e-05,0.999960429584145,高通胀状态,通胀偏高
segment_05,current_segment_refit,2010-12-31,0.4562462912333354,0.08003102132134333,0.9199689786786567,0.0006179495803951166,0.9993820504196049,高通胀状态,通胀偏高
segment_05,current_segment_refit,2011-01-31,0.7981257577828584,0.08048444303890284,0.9195155569610972,0.0002743551045109523,0.999725644895489,高通胀状态,通胀偏高
segment_05,current_segment_refit,2011-02-28,1.4776914989563812,0.08021508133476325,0.9197849186652367,5.373676735654642e-05,0.9999462632326434,高通胀状态,通胀偏高
segment_05,current_segment_refit,2011-03-31,1.266167731228319,0.08004212706619583,0.919957872933804,8.89531772065643e-05,0.9999110468227934,高通胀状态,通胀偏高
segment_05,current_segment_refit,2011-04-30,1.0529339879953694,0.0800697350542069,0.919930264945793,0.0001482520420958326,0.9998517479579042,高通胀状态,通胀偏高
segment_05,current_segment_refit,2011-05-31,1.182675062256214,0.08011622253995304,0.919883777460047,0.0001087422250024253,0.9998912577749975,高通胀状态,通胀偏高
segment_05,current_segment_refit,2011-06-30,0.5770039249591754,0.0800852487251525,0.9199147512748475,0.0004632192590882039,0.9995367807409119,高通胀状态,通胀偏高
segment_05,current_segment_refit,2011-07-31,-0.3356344105799476,0.08036314183660019,0.9196368581633999,0.00411826525548582,0.9958817347445141,高通胀状态,通胀偏高
segment_05,current_segment_refit,2011-08-31,1.2950096259779542,0.08322852381273567,0.9167714761872643,8.66234675696318e-05,0.9999133765324303,高通胀状态,通胀偏高
segment_05,current_segment_refit,2011-09-30,1.0361912108687532,0.08006790867281255,0.9199320913271873,0.00015431032609892508,0.9998456896739012,高通胀状态,通胀偏高
segment_05,current_segment_refit,2011-10-31,0.6663984805316217,0.08012097194606337,0.9198790280539367,0.0003741890177609353,0.9996258109822391,高通胀状态,通胀偏高
segment_05,current_segment_refit,2011-11-30,-1.7041526870812849,0.08029334636779309,0.919706653632207,0.09860100304065285,0.901398996959347,高通胀状态,通胀偏高
segment_05,current_segment_refit,2011-12-31,-1.3568487000808496,0.15729849014759975,0.8427015098524001,0.09242132212963185,0.9075786778703681,高通胀状态,通胀偏高
segment_05,current_segment_refit,2012-01-31,-1.1028294435068347,0.15245391464344465,0.8475460853565553,0.050711131803918466,0.9492888681960816,高通胀状态,通胀偏高
segment_05,current_segment_refit,2012-02-29,-3.993526049811061,0.11975511202966835,0.8802448879703317,0.9761441363545651,0.023855863645434915,低通胀状态,通胀偏低
segment_05,current_segment_refit,2012-03-31,-3.3109759212988226,0.8452505104388344,0.1547494895611656,0.9968902890573456,0.003109710942654437,低通胀状态,通胀偏低
segment_05,current_segment_refit,2012-04-30,-2.291868369078069,0.8615145060458091,0.13848549395419088,0.9695408778233041,0.030459122176695837,低通胀状态,通胀偏低
segment_05,current_segment_refit,2012-05-31,-2.156640901251544,0.8400738702548569,0.15992612974514303,0.9510864219499757,0.048913578050024276,低通胀状态,通胀偏低
segment_05,current_segment_refit,2012-06-30,-1.795900229427935,0.8256064558116625,0.1743935441883374,0.8807919954093052,0.11920800459069482,低通胀状态,通胀偏低
segment_05,current_segment_refit,2012-07-31,0.17514333167259122,0.7704989734349881,0.22950102656501187,0.04468257754373466,0.9553174224562654,高通胀状态,通胀偏高
segment_05,current_segment_refit,2012-08-31,-0.25564826215710834,0.11502901262180573,0.8849709873781944,0.005053373640472777,0.9949466263595272,高通胀状态,通胀偏高
segment_05,current_segment_refit,2012-09-30,-2.3211916457374655,0.08396160424858123,0.9160383957514189,0.33470365232390237,0.6652963476760977,高通胀状态,通胀偏高
segment_05,current_segment_refit,2012-10-31,-0.11846399850235056,0.3423917219265798,0.6576082780734203,0.014438122039373207,0.9855618779606269,高通胀状态,通胀偏高
segment_05,current_segment_refit,2012-11-30,-1.2859378224041533,0.09131880001007889,0.9086811999899211,0.04421979666061216,0.9557802033393878,高通胀状态,通胀偏高
segment_06,current_segment_refit,2012-12-31,-0.5041482604740368,1.3160474177599827e-18,1.0,2.7679795810588482e-18,1.0,高通胀状态,通胀偏高
segment_06,current_segment_refit,2013-01-31,-0.6915958420916901,0.2567409048120858,0.7432590951879142,0.527375272118251,0.47262472788174903,低通胀状态,通胀偏低
segment_06,current_segment_refit,2013-02-28,2.2214046545703345,0.6065273506217169,0.393472649378283,0.006286239723510013,0.9937137602764898,高通胀状态,通胀偏高
segment_06,current_segment_refit,2013-03-31,1.2592516675176024,0.2609103104832353,0.7390896895167646,0.01293861843665519,0.9870613815633449,高通胀状态,通胀偏高
segment_06,current_segment_refit,2013-04-30,0.3179288918684704,0.26532256116936337,0.7346774388306366,0.1036889960489525,0.8963110039510476,高通胀状态,通胀偏高
segment_06,current_segment_refit,2013-05-31,-0.26324809483114064,0.32551357451245727,0.6744864254875428,0.36899541703631616,0.6310045829636838,高通胀状态,通胀偏高
segment_06,current_segment_refit,2013-06-30,0.5840902395395933,0.5014804712440799,0.49851952875592,0.14908720140295495,0.850912798597045,高通胀状态,通胀偏高
segment_06,current_segment_refit,2013-07-31,-0.13228770859687256,0.35562434711870805,0.644375652881292,0.33132870439315515,0.6686712956068448,高通胀状态,通胀偏高
segment_06,current_segment_refit,2013-08-31,-1.3628703691016248,0.47649768149767374,0.5235023185023262,0.9318324565512551,0.06816754344874493,低通胀状态,通胀偏低
segment_06,current_segment_refit,2013-09-30,0.4797638876977026,0.8747872568110028,0.12521274318899736,0.607088259807823,0.3929117401921771,低通胀状态,通胀偏低
segment_06,current_segment_refit,2013-10-31,-1.9039734222494067,0.6593977147114279,0.34060228528857217,0.9901322075297355,0.009867792470264408,低通胀状态,通胀偏低
segment_06,current_segment_refit,2013-11-30,1.1842396075245398,0.9134550968946702,0.08654490310532964,0.3175648542264985,0.6824351457735015,高通胀状态,通胀偏高
segment_06,current_segment_refit,2013-12-31,-0.347390454023528,0.467368682689835,0.532631317310165,0.5631424134063958,0.43685758659360413,低通胀状态,通胀偏低
segment_06,current_segment_refit,2014-01-31,0.5610488749104001,0.6302502323899503,0.36974976761004974,0.23836512308049532,0.7616348769195046,高通胀状态,通胀偏高
segment_06,current_segment_refit,2014-02-28,-1.8915236783102063,0.4148387406708109,0.585161259329189,0.9727600683848779,0.027239931615122018,低通胀状态,通胀偏低
segment_06,current_segment_refit,2014-03-31,-1.1357692356919205,0.9019328676039735,0.09806713239602644,0.9879702900054173,0.012029709994582789,低通胀状态,通胀偏低
segment_06,current_segment_refit,2014-04-30,-1.3601269335903157,0.91202118543362,0.08797881456637995,0.9935777896975247,0.006422210302475201,低通胀状态,通胀偏低
segment_06,current_segment_refit,2014-05-31,-1.5257107136951809,0.9157404106056738,0.08425958939432615,0.9957975076306896,0.0042024923693102356,低通胀状态,通胀偏低
segment_06,current_segment_refit,2014-06-30,-1.808534200319885,0.9172126587135971,0.08278734128640278,0.9978379554537461,0.0021620445462538023,低通胀状态,通胀偏低
segment_06,current_segment_refit,2014-07-31,-1.1829972247924831,0.9185660042904957,0.08143399570950421,0.9911681542181011,0.008831845781898832,低通胀状态,通胀偏低
segment_06,current_segment_refit,2014-08-31,-0.06390973054548699,0.9141421979578587,0.08585780204214138,0.8909992396552594,0.10900076034474071,低通胀状态,通胀偏低
segment_06,current_segment_refit,2014-09-30,-0.6759443618583139,0.8477042543189528,0.15229574568104737,0.9454975813996966,0.054502418600303394,低通胀状态,通胀偏低
segment_06,current_segment_refit,2014-10-31,0.1540590931061543,0.8838507751536099,0.11614922484639013,0.7800804728620714,0.21991952713792864,低通胀状态,通胀偏低
segment_06,current_segment_refit,2014-11-30,-1.557932913593006,0.7741363734163436,0.22586362658365647,0.9877222762307459,0.012277723769254074,低通胀状态,通胀偏低
segment_06,current_segment_refit,2014-12-31,-0.20393862744041713,0.9118566880418374,0.08814331195816257,0.9162740573626713,0.08372594263732866,低通胀状态,通胀偏低
segment_06,current_segment_refit,2015-01-31,-2.866975480160936,0.8644680070426103,0.13553199295738977,0.9996664394144587,0.00033356058554131725,低通胀状态,通胀偏低
segment_06,current_segment_refit,2015-02-28,-1.5657134075539967,0.9197787629078436,0.08022123709215645,0.9963630064971876,0.0036369935028123545,低通胀状态,通胀偏低
segment_06,current_segment_refit,2015-03-31,-1.577833900725047,0.9175877309801203,0.08241226901987961,0.9963572586833348,0.0036427413166651413,低通胀状态,通胀偏低
segment_06,current_segment_refit,2015-04-30,-0.5042800897886357,0.917583918690305,0.08241608130969491,0.959056229804196,0.04094377019580407,低通胀状态,通胀偏低
segment_06,current_segment_refit,2015-05-31,-0.2153899774643242,0.8928436720263493,0.10715632797365088,0.9004813936575701,0.09951860634242994,低通胀状态,通胀偏低
segment_06,current_segment_refit,2015-06-30,-0.3527497806266606,0.8539933792029578,0.14600662079704227,0.89689365284092,0.10310634715907989,低通胀状态,通胀偏低
segment_06,current_segment_refit,2015-07-31,-0.07590860905020413,0.8516137774751377,0.14838622252486225,0.8191319442301077,0.1808680557698923,低通胀状态,通胀偏低
segment_06,current_segment_refit,2015-08-31,-0.21280006975699628,0.8000376169816641,0.19996238301833594,0.8120006813296371,0.18799931867036296,低通胀状态,通胀偏低
segment_06,current_segment_refit,2015-09-30,1.0498331091963689,0.7953077420027508,0.20469225799724924,0.1889798120080097,0.8110201879919903,高通胀状态,通胀偏高
segment_06,current_segment_refit,2015-10-31,-1.233726550789261,0.3820834839333004,0.6179165160666995,0.8735716138431224,0.12642838615687751,低通胀状态,通胀偏低
segment_06,current_segment_refit,2015-11-30,-0.8551770802600112,0.8361452229915212,0.16385477700847878,0.9599548364554915,0.04004516354450842,低通胀状态,通胀偏低
segment_06,current_segment_refit,2015-12-31,-1.1596238723828125,0.8934396810608173,0.10656031893918266,0.9875112642672239,0.01248873573277614,低通胀状态,通胀偏低
segment_06,current_segment_refit,2016-01-31,0.07686567673791989,0.9117167324378379,0.08828326756216205,0.8517271533957016,0.14827284660429832,低通胀状态,通胀偏低
segment_06,current_segment_refit,2016-02-29,0.101665724247888,0.8216566859202966,0.17834331407970327,0.7077070225539596,0.2922929774460405,低通胀状态,通胀偏低
segment_06,current_segment_refit,2016-03-31,-0.45220506406811856,0.7261340242493578,0.2738659757506422,0.8319726347422588,0.16802736525774115,低通胀状态,通胀偏低
segment_06,current_segment_refit,2016-04-30,-1.0642775448877781,0.8085543217523413,0.1914456782476585,0.9697156280711916,0.030284371928808434,低通胀状态,通胀偏低
segment_06,current_segment_refit,2016-05-31,-0.16928641126142896,0.8999136148761643,0.1000863851238357,0.8978157602422162,0.10218423975778369,低通胀状态,通胀偏低
segment_06,current_segment_refit,2016-06-30,0.5103937562514524,0.8522253735957874,0.14777462640421246,0.5431840878513254,0.4568159121486745,低通胀状态,通胀偏低
segment_06,current_segment_refit,2016-07-31,-0.2721185089893634,0.6170126914408285,0.3829873085591715,0.6657916741808244,0.33420832581917564,低通胀状态,通胀偏低
segment_06,current_segment_refit,2016-08-31,-1.1928134732643283,0.6983332882129061,0.30166671178709403,0.9592753333226239,0.040724666677375954,低通胀状态,通胀偏低
segment_06,current_segment_refit,2016-09-30,-1.0804085286479808,0.8929889944277342,0.10701100557226573,0.9849956454987793,0.01500435450122079,低通胀状态,通胀偏低
segment_06,current_segment_refit,2016-10-31,-1.7584874328883267,0.9100482254096417,0.08995177459035837,0.9973462644223337,0.0026537355776663496,低通胀状态,通胀偏低
segment_06,current_segment_refit,2016-11-30,-1.1865590722071615,0.9182398857418891,0.08176011425811092,0.9912013738474513,0.008798626152548708,低通胀状态,通胀偏低
segment_06,current_segment_refit,2016-12-31,-1.0763626875494663,0.9141642311791639,0.08583576882083614,0.9880967238588105,0.011903276141189472,低通胀状态,通胀偏低
segment_06,current_segment_refit,2017-01-31,0.3363349493680525,0.9121050438368229,0.08789495616317718,0.7611639717720333,0.23883602822796668,低通胀状态,通胀偏低
segment_06,current_segment_refit,2017-02-28,-1.1899275671386949,0.7615898320192437,0.23841016798075626,0.9699615922301519,0.030038407769848133,低通胀状态,通胀偏低
segment_06,current_segment_refit,2017-03-31,-1.036772438466321,0.900076752841685,0.09992324715831505,0.9846450081443404,0.015354991855659639,低通胀状态,通胀偏低
segment_06,current_segment_refit,2017-04-30,-0.0668032949837436,0.9098156619951975,0.09018433800480256,0.8863214731173673,0.11367852688263276,低通胀状态,通胀偏低
segment_06,current_segment_refit,2017-05-31,-1.4439460531773114,0.84460168311753,0.15539831688246997,0.9899266176049507,0.010073382395049294,低通胀状态,通胀偏低
segment_06,current_segment_refit,2017-06-30,-1.8006119669779945,0.9133187375071778,0.08668126249282222,0.9976853606595518,0.00231463934044813,低通胀状态,通胀偏低
segment_06,current_segment_refit,2017-07-31,-2.119334677648762,0.918464794405368,0.08153520559463193,0.9989549265482057,0.0010450734517943447,低通胀状态,通胀偏低
segment_06,current_segment_refit,2017-08-31,-0.8409958860909501,0.919306845527958,0.08069315447204199,0.9810637489826859,0.018936251017314092,低通胀状态,通胀偏低
segment_06,current_segment_refit,2017-09-30,-2.032783703075235,0.907440359284005,0.09255964071599491,0.9985367000834376,0.001463299916562427,低通胀状态,通胀偏低
segment_06,current_segment_refit,2017-10-31,2.4745162100112705,0.9190294530213524,0.08097054697864771,0.025431352547687504,0.9745686474523124,高通胀状态,通胀偏高
segment_06,current_segment_refit,2017-11-30,1.2593690211484794,0.27360848069226984,0.72639151930773,0.01378990296694839,0.9862100970330515,高通胀状态,通胀偏高
segment_07,current_segment_refit,2017-12-31,0.16349849102856062,1.3624207292999678e-59,1.0,5.107867389936618e-62,1.0,高通胀状态,通胀偏高
segment_07,current_segment_refit,2018-01-31,-1.562434203874477,0.07999999999999996,0.92,0.047845588811583975,0.9521544111884161,高通胀状态,通胀偏高
segment_07,current_segment_refit,2018-02-28,0.19094504008418234,0.11209911084100352,0.8879008891589966,0.00043670013670791906,0.9995632998632921,高通胀状态,通胀偏高
segment_07,current_segment_refit,2018-03-31,-0.07780000038490886,0.08029297760651809,0.9197070223934819,0.0006615377315078726,0.9993384622684922,高通胀状态,通胀偏高
segment_07,current_segment_refit,2018-04-30,-1.1720904237921503,0.08044381882419292,0.9195561811758072,0.015920327338677494,0.9840796726613226,高通胀状态,通胀偏高
segment_07,current_segment_refit,2018-05-31,-0.557181906461987,0.09068078300554931,0.9093192169944507,0.0030547781443620377,0.9969452218556379,高通胀状态,通胀偏高
segment_07,current_segment_refit,2018-06-30,-1.1061994836852218,0.08204941907260654,0.9179505809273935,0.013454055829897473,0.9865459441701026,高通胀状态,通胀偏高
segment_07,current_segment_refit,2018-07-31,-0.1733296973633709,0.08902618694997372,0.9109738130500263,0.0009783637574737106,0.9990216362425263,高通胀状态,通胀偏高
segment_07,current_segment_refit,2018-08-31,-0.27145619560775014,0.08065637412923558,0.9193436258707645,0.0011693856307631793,0.9988306143692368,高通胀状态,通胀偏高
segment_07,current_segment_refit,2018-09-30,0.728477903140748,0.08078452872898188,0.9192154712710181,6.33296761871628e-05,0.999936670323813,高通胀状态,通胀偏高
segment_07,current_segment_refit,2018-10-31,-2.658142646921732,0.08004248722496572,0.9199575127750343,0.5518377324870747,0.4481622675129253,低通胀状态,通胀偏低
segment_07,current_segment_refit,2018-11-30,-0.5016550374432529,0.4502222290775118,0.5497777709224883,0.020949085465824063,0.9790509145341759,高通胀状态,通胀偏高
segment_07,current_segment_refit,2018-12-31,-0.04369861514268214,0.0940545248389196,0.9059454751610804,0.0007121198412666777,0.9992878801587334,高通胀状态,通胀偏高
segment_07,current_segment_refit,2019-01-31,-0.017280029152673793,0.08047775383864354,0.9195222461613565,0.0005558620877316855,0.9994441379122683,高通胀状态,通胀偏高
segment_07,current_segment_refit,2019-02-28,-1.020559239042707,0.08037292212740182,0.9196270778725981,0.010278449781986488,0.9897215502180136,高通胀状态,通胀偏高
segment_07,current_segment_refit,2019-03-31,-0.783921555464735,0.08689570568615913,0.9131042943138409,0.0056358926105388885,0.9943641073894612,高通胀状态,通胀偏高
segment_07,current_segment_refit,2019-04-30,-0.8844111903756753,0.0837810620808972,0.916218937919103,0.0072495855601498686,0.99275041443985,高通胀状态,通胀偏高
segment_07,current_segment_refit,2019-05-31,-0.8832409909890488,0.08486367199624151,0.9151363280037583,0.007326315508311811,0.9926736844916882,高通胀状态,通胀偏高
segment_07,current_segment_refit,2019-06-30,-0.5751150282541762,0.08491514932512495,0.9150848506748751,0.0029954606570788155,0.9970045393429212,高通胀状态,通胀偏高
segment_07,current_segment_refit,2019-07-31,0.4070310102555883,0.08200962358369299,0.9179903764163071,0.00016450004852606334,0.9998354999514739,高通胀状态,通胀偏高
segment_07,current_segment_refit,2019-08-31,1.0374576391042618,0.08011036138173114,0.9198896386182688,2.5467311119879756e-05,0.9999745326888801,高通胀状态,通胀偏高
segment_07,current_segment_refit,2019-09-30,1.3910341584938495,0.08001708575571463,0.9199829142442854,9.061993437690738e-06,0.9999909380065624,高通胀状态,通胀偏高
segment_07,current_segment_refit,2019-10-31,2.233799274737834,0.08000607959770212,0.9199939204022979,7.741387382414572e-07,0.9999992258612618,高通胀状态,通胀偏高
segment_07,current_segment_refit,2019-11-30,0.7610648088254446,0.08000051936167535,0.9199994806383246,5.697641371904574e-05,0.9999430235862811,高通胀状态,通胀偏高
segment_07,current_segment_refit,2019-12-31,0.5244194035128547,0.08003822488686452,0.9199617751131356,0.00011373128147834015,0.9998862687185217,高通胀状态,通胀偏高
segment_07,current_segment_refit,2020-01-31,1.3459049580384512,0.0800763011408353,0.9199236988591648,1.0346205719239072e-05,0.9999896537942807,高通胀状态,通胀偏高
segment_07,current_segment_refit,2020-02-29,1.7804600212042727,0.08000694116244386,0.9199930588375561,2.9074023422935415e-06,0.9999970925976577,高通胀状态,通胀偏高
segment_07,current_segment_refit,2020-03-31,0.8575042331611957,0.08000195054617072,0.9199980494538292,4.2998842959025205e-05,0.999957001157041,高通胀状态,通胀偏高
segment_07,current_segment_refit,2020-04-30,0.01871708037471631,0.08002884747916073,0.9199711525208393,0.0004974150624460807,0.999502584937554,高通胀状态,通胀偏高
segment_07,current_segment_refit,2020-05-31,-1.2865788486759668,0.08033371062244246,0.9196662893775576,0.022065689442967534,0.9779343105570325,高通胀状态,通胀偏高
segment_07,current_segment_refit,2020-06-30,-2.8375713575700896,0.09480364290221652,0.9051963570977835,0.7144834910219701,0.28551650897802994,低通胀状态,通胀偏低
segment_07,current_segment_refit,2020-07-31,-3.707764409027125,0.5593395868257918,0.44066041317420823,0.9974063651216193,0.002593634878380654,低通胀状态,通胀偏低
segment_07,current_segment_refit,2020-08-31,-3.1540928055884536,0.7491496178182661,0.25085038218173394,0.9944675816083617,0.005532418391638408,低通胀状态,通胀偏低
segment_07,current_segment_refit,2020-09-30,-5.124548225177569,0.7471780183443573,0.25282198165564274,0.9999821357681604,1.7864231839635367e-05,低通胀状态,通胀偏低
segment_07,current_segment_refit,2020-10-31,-5.019535037769538,0.7508776757132147,0.24912232428678535,0.9999762011488843,2.3798851115591662e-05,低通胀状态,通胀偏低
segment_07,current_segment_refit,2020-11-30,-3.6625673641337047,0.7508736942385026,0.24912630576149739,0.998752003740785,0.001247996259214912,低通胀状态,通胀偏低
segment_07,current_segment_refit,2020-12-31,-0.7763074391854847,0.7500523928548244,0.24994760714517553,0.1487878958027565,0.8512121041972435,高通胀状态,通胀偏高
segment_07,current_segment_refit,2021-01-31,-0.2979643583156079,0.17982026092269662,0.8201797390773032,0.003151138192092653,0.9968488618079073,高通胀状态,通胀偏高
segment_07,current_segment_refit,2021-02-28,-1.8580616314864884,0.08211406603232795,0.917885933967672,0.10914966598798695,0.8908503340120131,高通胀状态,通胀偏高
segment_07,current_segment_refit,2021-03-31,-2.6275527564429604,0.1532273823738301,0.84677261762617,0.7007916216147515,0.29920837838524855,低通胀状态,通胀偏低
segment_07,current_segment_refit,2021-04-30,-1.7863087588092674,0.5501538532056331,0.449846146794367,0.5759964926057776,0.4240035073942224,低通胀状态,通胀偏低
segment_07,current_segment_refit,2021-05-31,0.18932481497190712,0.46643009145507147,0.5335699085449285,0.0030301665558065305,0.9969698334441934,高通胀状态,通胀偏高
segment_07,current_segment_refit,2021-06-30,2.3048530126077766,0.08203290741231269,0.9179670925876873,6.465014415801444e-07,0.9999993534985584,高通胀状态,通胀偏高
segment_07,current_segment_refit,2021-07-31,3.344770374355782,0.0800004337311327,0.9199995662688673,3.023061204822353e-08,0.9999999697693879,高通胀状态,通胀偏高
segment_07,current_segment_refit,2021-08-31,0.08891694597793054,0.08000002028140502,0.9199999797185949,0.00040513434372830084,0.9995948656562716,高通胀状态,通胀偏高
segment_07,current_segment_refit,2021-09-30,0.3617082155387713,0.08027180044237811,0.9197281995576219,0.00018343775378047575,0.9998165622462196,高通胀状态,通胀偏高
segment_07,current_segment_refit,2021-10-31,0.46015341241314633,0.08012306649238261,0.9198769335076175,0.00013735281683305682,0.9998626471831669,高通胀状态,通胀偏高
segment_07,current_segment_refit,2021-11-30,0.09946284902781732,0.08009214858467326,0.9199078514153266,0.0003933497248167902,0.9996066502751831,高通胀状态,通胀偏高
segment_07,current_segment_refit,2021-12-31,-1.7422648178773992,0.08026389426339578,0.9197361057366041,0.07854664381397128,0.9214533561860287,高通胀状态,通胀偏高
segment_07,current_segment_refit,2022-01-31,-2.6474161536546212,0.1326961312128958,0.8673038687871043,0.6772650568166085,0.32273494318339135,低通胀状态,通胀偏低
segment_07,current_segment_refit,2022-02-28,-1.4225486305390618,0.534370124132143,0.46562987586785676,0.3059724850803212,0.6940275149196788,高通胀状态,通胀偏高
segment_07,current_segment_refit,2022-03-31,-0.24003528077850245,0.28527377668121934,0.7147262233187807,0.004836048727922966,0.995163951272077,高通胀状态,通胀偏高
segment_07,current_segment_refit,2022-04-30,0.8832219172638669,0.08324445508992269,0.9167555449100773,4.1652785840405485e-05,0.9999583472141595,高通胀状态,通胀偏高
segment_07,current_segment_refit,2022-05-31,0.8486263953929467,0.08002794442335721,0.9199720555766427,4.4143193758303504e-05,0.9999558568062417,高通胀状态,通胀偏高
segment_07,current_segment_refit,2022-06-30,-0.7628952233059216,0.08002961521228011,0.9199703847877199,0.004848985359029481,0.9951510146409707,高通胀状态,通胀偏高
segment_07,current_segment_refit,2022-07-31,-2.1099383842220396,0.0832531341419756,0.9167468658580246,0.2059956819615686,0.7940043180384314,高通胀状态,通胀偏高
segment_07,current_segment_refit,2022-08-31,0.24312546917671973,0.21820037316484225,0.7817996268351578,0.0008286822728873039,0.9991713177271128,高通胀状态,通胀偏高
segment_07,current_segment_refit,2022-09-30,2.294831706827551,0.08055595436883708,0.919444045631163,6.526562511864648e-07,0.9999993473437487,高通胀状态,通胀偏高
segment_07,current_segment_refit,2022-10-31,1.3376117511769983,0.08000043786033083,0.919999562139669,1.058879538694969e-05,0.9999894112046132,高通胀状态,通胀偏高
segment_07,current_segment_refit,2022-11-30,-1.2388096945813145,0.08000710391334372,0.9199928960866564,0.019165700948203444,0.9808342990517965,高通胀状态,通胀偏高
segment_08,current_segment_refit,2022-12-31,-2.4084726524223106,1.0,7.526583428186494e-36,1.0,3.4192375478460506e-38,低通胀状态,通胀偏低
segment_08,current_segment_refit,2023-01-31,-1.5105238646486412,0.8975172325400436,0.10248276745995644,0.9776264368297846,0.022373563170215542,低通胀状态,通胀偏低
segment_08,current_segment_refit,2023-02-28,-2.9056666854160897,0.8792264590950691,0.12077354090493089,0.9999233447493663,7.665525063370299e-05,低通胀状态,通胀偏低
segment_08,current_segment_refit,2023-03-31,-3.122175909982082,0.8974545655516858,0.10254543444831417,0.999974411011434,2.5588988565966394e-05,低通胀状态,通胀偏低
segment_08,current_segment_refit,2023-04-30,-2.975798765662953,0.8974963131009276,0.10250368689907238,0.9999525822267984,4.741777320163837e-05,低通胀状态,通胀偏低
segment_08,current_segment_refit,2023-05-31,-3.347302060978545,0.8974784676933225,0.10252153230667746,0.9999901003197431,9.899680256959975e-06,低通胀状态,通胀偏低
segment_08,current_segment_refit,2023-06-30,-1.7918646916092893,0.897509139380837,0.10249086061916314,0.9930610876083257,0.006938912391674257,低通胀状态,通胀偏低
segment_08,current_segment_refit,2023-07-31,-1.2943541853737524,0.8918445520847641,0.10815544791523578,0.9429663103569403,0.05703368964305957,低通胀状态,通胀偏低
segment_08,current_segment_refit,2023-08-31,-1.77649117336424,0.8508912084215017,0.14910879157849824,0.9886886343890391,0.011311365610960925,低通胀状态,通胀偏低
segment_08,current_segment_refit,2023-09-30,-3.067620120770613,0.8882699962295222,0.11173000377047783,0.9999645439360674,3.5456063932598304e-05,低通胀状态,通胀偏低
segment_08,current_segment_refit,2023-10-31,-0.7988949384483177,0.8974882465967805,0.10251175340321937,0.6847759362510364,0.31522406374896367,低通胀状态,通胀偏低
segment_08,current_segment_refit,2023-11-30,-0.7459285334813863,0.6398161283139645,0.3601838716860355,0.2606444859365796,0.7393555140634204,高通胀状态,通胀偏高
segment_08,current_segment_refit,2023-12-31,0.2979244888705927,0.2930813588196948,0.7069186411803052,0.0010069185974949935,0.9989930814025051,高通胀状态,通胀偏高
segment_08,current_segment_refit,2024-01-31,-1.4829881536541385,0.08082317330521718,0.9191768266947828,0.28089425617147,0.71910574382853,高通胀状态,通胀偏高
segment_08,current_segment_refit,2024-02-29,0.07522145112223355,0.3096358949416942,0.6903641050583058,0.002781406930788987,0.997218593069211,高通胀状态,通胀偏高
segment_08,current_segment_refit,2024-03-31,-0.22993258930808166,0.08227384809662626,0.9177261519033738,0.0020149926218229228,0.9979850073781772,高通胀状态,通胀偏高
segment_08,current_segment_refit,2024-04-30,-1.1323489754501959,0.08164729119178125,0.9183527088082188,0.08258552362039802,0.9174144763796019,高通胀状态,通胀偏高
segment_08,current_segment_refit,2024-05-31,-0.9470355833533752,0.14751508871801816,0.8524849112819818,0.07424137382964047,0.9257586261703594,高通胀状态,通胀偏高
segment_08,current_segment_refit,2024-06-30,-0.6210824304593336,0.14069360247317844,0.8593063975268215,0.01883105508836927,0.9811689449116308,高通胀状态,通胀偏高
segment_08,current_segment_refit,2024-07-31,0.4233020613771179,0.09539471204165272,0.9046052879583474,0.00015107045310664173,0.9998489295468933,高通胀状态,通胀偏高
segment_08,current_segment_refit,2024-08-31,-0.2353731116322234,0.08012350269874227,0.9198764973012576,0.002003202197651254,0.9979967978023486,高通胀状态,通胀偏高
segment_08,current_segment_refit,2024-09-30,0.5502358128777016,0.08163765231684193,0.9183623476831579,7.456597027286912e-05,0.9999254340297272,高通胀状态,通胀偏高
segment_08,current_segment_refit,2024-10-31,-3.2746163538088138,0.08006095896565911,0.919939041034341,0.9986488245673188,0.0013511754326812383,低通胀状态,通胀偏低
segment_08,current_segment_refit,2024-11-30,-1.3583816289165438,0.896412623339642,0.10358737666035811,0.9578586931419946,0.04214130685800543,低通胀状态,通胀偏低
segment_08,current_segment_refit,2024-12-31,-1.7885509115851976,0.8630659879818662,0.1369340120181338,0.990251199471901,0.009748800528099096,低通胀状态,通胀偏低
segment_08,current_segment_refit,2025-01-31,-0.7512017717225299,0.8895474201117272,0.11045257988827294,0.620383768892826,0.379616231107174,低通胀状态,通胀偏低
segment_08,current_segment_refit,2025-02-28,-1.9568454470637857,0.587174421858025,0.41282557814197496,0.9789969531082857,0.02100304689171432,低通胀状态,通胀偏低
segment_08,current_segment_refit,2025-03-31,-1.9792652639046404,0.8803468797702205,0.1196531202297795,0.996240990132107,0.0037590098678929322,低通胀状态,通胀偏低
segment_08,current_segment_refit,2025-04-30,-2.0955862635589813,0.894444177195753,0.10555582280424698,0.9979980567204745,0.0020019432795255754,低通胀状态,通胀偏低
segment_08,current_segment_refit,2025-05-31,-1.50327210060729,0.8958806094104637,0.10411939058953633,0.9765463544713748,0.02345364552862514,低通胀状态,通胀偏低
segment_08,current_segment_refit,2025-06-30,-0.9713334036676037,0.8783434731545067,0.12165652684549322,0.7875532017917313,0.21244679820826876,低通胀状态,通胀偏低
segment_08,current_segment_refit,2025-07-31,-0.9375662124789201,0.7238383140068266,0.27616168599317337,0.5385681885804803,0.46143181141951983,低通胀状态,通胀偏低
segment_08,current_segment_refit,2025-08-31,-1.3197585872799706,0.5202887750624186,0.4797112249375816,0.7076510035530442,0.2923489964469558,低通胀状态,通胀偏低
segment_08,current_segment_refit,2025-09-30,-2.278923395200252,0.6585168900288693,0.3414831099711308,0.9959482354462106,0.004051764553789392,低通胀状态,通胀偏低
segment_08,current_segment_refit,2025-10-31,1.0443348384401998,0.8942048451951258,0.10579515480487417,0.0008817107461440187,0.999118289253856,高通胀状态,通胀偏高
segment_08,current_segment_refit,2025-11-30,-0.3075405793963746,0.08072081372908843,0.9192791862709115,0.0027358396894919083,0.997264160310508,高通胀状态,通胀偏高
segment_08,current_segment_refit,2025-12-31,-0.24256210739874495,0.08223659609162659,0.9177634039083734,0.002123944236494438,0.9978760557635057,高通胀状态,通胀偏高
segment_08,current_segment_refit,2026-01-31,-1.211890402906197,0.08173636101428829,0.9182636389857118,0.11193856471149091,0.888061435288509,高通胀状态,通胀偏高
segment_08,current_segment_refit,2026-02-28,-0.23801221575167042,0.17151170563744259,0.8284882943625573,0.004800828999728627,0.9951991710002713,高通胀状态,通胀偏高
segment_08,current_segment_refit,2026-03-31,-0.20693046497371803,0.08392476043775608,0.9160752395622439,0.001869037802594301,0.9981309621974056,高通胀状态,通胀偏高
segment_08,current_segment_refit,2026-04-30,0.940278182960739,0.08152797061188957,0.9184720293881103,1.437327154125481e-05,0.9999856267284588,高通胀状态,通胀偏高
segment_08,current_segment_refit,2026-05-31,0.5659448539609542,0.08001175039717291,0.9199882496028271,6.827580555754815e-05,0.9999317241944425,高通胀状态,通胀偏高
